WORKOUT_ID,TIMESTAMP,HEART_RATE,SPEED,STEP_RATE,CADENCE,STEP_LENGTH,GROUND_CONTACT_TIME,IMPACT,SWING_ANGLE,FORE_FOOT_LANDING,MID_FOOT_LANDING,BACK_FOOT_LANDING,EVERSION_ANGLE,SWOLF,STROKE_RATE,DATA_ERROR_HEX,CALORIES,CYCLING_POWER,FREQUENCY,ALTITUDE,HANG_TIME,IMPACT_HANG_RATE,RIDE_CADENCE,AP,VO,GTB,VR,CEILING,TEMP,SPO2,CNS
10,1745915445,78,8,-1,-1,-1,-1,-1,-1,-1,-1,-1,-1,46,19,,-1,-1,-1,,-1,-1,-1,0.0,0.0,0.0,0.0,-1,-1,-1,-1
10,1745915450,87,8,-1,-1,-1,-1,-1,-1,-1,-1,-1,-1,46,19,,-1,-1,-1,,-1,-1,-1,0.0,0.0,0.0,0.0,-1,-1,-1,-1
10,1745915455,92,8,-1,-1,-1,-1,-1,-1,-1,-1,-1,-1,46,19,,-1,-1,-1,,-1,-1,-1,0.0,0.0,0.0,0.0,-1,-1,-1,-1
10,1745915460,107,8,-1,-1,-1,-1,-1,-1,-1,-1,-1,-1,46,19,,-1,-1,-1,,-1,-1,-1,0.0,0.0,0.0,0.0,-1,-1,-1,-1
10,1745915465,114,8,-1,-1,-1,-1,-1,-1,-1,-1,-1,-1,46,19,,-1,-1,-1,,-1,-1,-1,0.0,0.0,0.0,0.0,-1,-1,-1,-1
10,1745915470,122,8,-1,-1,-1,-1,-1,-1,-1,-1,-1,-1,46,19,,-1,-1,-1,,-1,-1,-1,0.0,0.0,0.0,0.0,-1,-1,-1,-1
10,1745915475,121,8,-1,-1,-1,-1,-1,-1,-1,-1,-1,-1,46,19,,-1,-1,-1,,-1,-1,-1,0.0,0.0,0.0,0.0,-1,-1,-1,-1
10,1745915480,121,11,-1,-1,-1,-1,-1,-1,-1,-1,-1,-1,34,25,,-1,-1,-1,,-1,-1,-1,0.0,0.0,0.0,0.0,-1,-1,-1,-1
10,1745915485,123,11,-1,-1,-1,-1,-1,-1,-1,-1,-1,-1,34,25,,-1,-1,-1,,-1,-1,-1,0.0,0.0,0.0,0.0,-1,-1,-1,-1
10,1745915490,125,11,-1,-1,-1,-1,-1,-1,-1,-1,-1,-1,34,25,,-1,-1,-1,,-1,-1,-1,0.0,0.0,0.0,0.0,-1,-1,-1,-1
10,1745915495,-127,11,-1,-1,-1,-1,-1,-1,-1,-1,-1,-1,34,25,,-1,-1,-1,,-1,-1,-1,0.0,0.0,0.0,0.0,-1,-1,-1,-1
10,1745915500,-126,8,-1,-1,-1,-1,-1,-1,-1,-1,-1,-1,44,20,,-1,-1,-1,,-1,-1,-1,0.0,0.0,0.0,0.0,-1,-1,-1,-1
10,1745915505,-126,8,-1,-1,-1,-1,-1,-1,-1,-1,-1,-1,44,20,,-1,-1,-1,,-1,-1,-1,0.0,0.0,0.0,0.0,-1,-1,-1,-1
10,1745915510,-124,8,-1,-1,-1,-1,-1,-1,-1,-1,-1,-1,44,20,,-1,-1,-1,,-1,-1,-1,0.0,0.0,0.0,0.0,-1,-1,-1,-1
10,1745915515,-125,8,-1,-1,-1,-1,-1,-1,-1,-1,-1,-1,44,20,,-1,-1,-1,,-1,-1,-1,0.0,0.0,0.0,0.0,-1,-1,-1,-1
10,1745915520,-124,8,-1,-1,-1,-1,-1,-1,-1,-1,-1,-1,44,20,,-1,-1,-1,,-1,-1,-1,0.0,0.0,0.0,0.0,-1,-1,-1,-1
10,1745915525,-122,8,-1,-1,-1,-1,-1,-1,-1,-1,-1,-1,44,20,,-1,-1,-1,,-1,-1,-1,0.0,0.0,0.0,0.0,-1,-1,-1,-1
10,1745915530,-124,9,-1,-1,-1,-1,-1,-1,-1,-1,-1,-1,39,21,,-1,-1,-1,,-1,-1,-1,0.0,0.0,0.0,0.0,-1,-1,-1,-1
10,1745915535,-121,9,-1,-1,-1,-1,-1,-1,-1,-1,-1,-1,39,21,,-1,-1,-1,,-1,-1,-1,0.0,0.0,0.0,0.0,-1,-1,-1,-1
10,1745915540,-121,9,-1,-1,-1,-1,-1,-1,-1,-1,-1,-1,39,21,,-1,-1,-1,,-1,-1,-1,0.0,0.0,0.0,0.0,-1,-1,-1,-1
10,1745915545,-121,9,-1,-1,-1,-1,-1,-1,-1,-1,-1,-1,39,21,,-1,-1,-1,,-1,-1,-1,0.0,0.0,0.0,0.0,-1,-1,-1,-1
10,1745915550,-120,9,-1,-1,-1,-1,-1,-1,-1,-1,-1,-1,39,21,,-1,-1,-1,,-1,-1,-1,0.0,0.0,0.0,0.0,-1,-1,-1,-1
10,1745915555,-119,9,-1,-1,-1,-1,-1,-1,-1,-1,-1,-1,40,20,,-1,-1,-1,,-1,-1,-1,0.0,0.0,0.0,0.0,-1,-1,-1,-1
10,1745915560,-119,9,-1,-1,-1,-1,-1,-1,-1,-1,-1,-1,40,20,,-1,-1,-1,,-1,-1,-1,0.0,0.0,0.0,0.0,-1,-1,-1,-1
10,1745915565,-119,9,-1,-1,-1,-1,-1,-1,-1,-1,-1,-1,40,20,,-1,-1,-1,,-1,-1,-1,0.0,0.0,0.0,0.0,-1,-1,-1,-1
10,1745915570,-120,9,-1,-1,-1,-1,-1,-1,-1,-1,-1,-1,40,20,,-1,-1,-1,,-1,-1,-1,0.0,0.0,0.0,0.0,-1,-1,-1,-1
10,1745915575,-119,9,-1,-1,-1,-1,-1,-1,-1,-1,-1,-1,40,20,,-1,-1,-1,,-1,-1,-1,0.0,0.0,0.0,0.0,-1,-1,-1,-1
10,1745915580,-119,9,-1,-1,-1,-1,-1,-1,-1,-1,-1,-1,40,20,,-1,-1,-1,,-1,-1,-1,0.0,0.0,0.0,0.0,-1,-1,-1,-1
10,1745915585,-117,9,-1,-1,-1,-1,-1,-1,-1,-1,-1,-1,40,20,,-1,-1,-1,,-1,-1,-1,0.0,0.0,0.0,0.0,-1,-1,-1,-1
10,1745915590,-118,9,-1,-1,-1,-1,-1,-1,-1,-1,-1,-1,40,20,,-1,-1,-1,,-1,-1,-1,0.0,0.0,0.0,0.0,-1,-1,-1,-1
10,1745915595,-117,9,-1,-1,-1,-1,-1,-1,-1,-1,-1,-1,40,20,,-1,-1,-1,,-1,-1,-1,0.0,0.0,0.0,0.0,-1,-1,-1,-1
10,1745915600,-118,9,-1,-1,-1,-1,-1,-1,-1,-1,-1,-1,40,20,,-1,-1,-1,,-1,-1,-1,0.0,0.0,0.0,0.0,-1,-1,-1,-1
10,1745915605,-116,9,-1,-1,-1,-1,-1,-1,-1,-1,-1,-1,40,20,,-1,-1,-1,,-1,-1,-1,0.0,0.0,0.0,0.0,-1,-1,-1,-1
10,1745915610,-115,9,-1,-1,-1,-1,-1,-1,-1,-1,-1,-1,40,20,,-1,-1,-1,,-1,-1,-1,0.0,0.0,0.0,0.0,-1,-1,-1,-1
10,1745915615,-114,9,-1,-1,-1,-1,-1,-1,-1,-1,-1,-1,40,20,,-1,-1,-1,,-1,-1,-1,0.0,0.0,0.0,0.0,-1,-1,-1,-1
10,1745915620,-115,9,-1,-1,-1,-1,-1,-1,-1,-1,-1,-1,40,20,,-1,-1,-1,,-1,-1,-1,0.0,0.0,0.0,0.0,-1,-1,-1,-1
10,1745915625,-114,9,-1,-1,-1,-1,-1,-1,-1,-1,-1,-1,40,20,,-1,-1,-1,,-1,-1,-1,0.0,0.0,0.0,0.0,-1,-1,-1,-1
10,1745915630,-117,9,-1,-1,-1,-1,-1,-1,-1,-1,-1,-1,40,20,,-1,-1,-1,,-1,-1,-1,0.0,0.0,0.0,0.0,-1,-1,-1,-1
10,1745915635,-115,9,-1,-1,-1,-1,-1,-1,-1,-1,-1,-1,40,20,,-1,-1,-1,,-1,-1,-1,0.0,0.0,0.0,0.0,-1,-1,-1,-1
10,1745915640,-115,9,-1,-1,-1,-1,-1,-1,-1,-1,-1,-1,40,20,,-1,-1,-1,,-1,-1,-1,0.0,0.0,0.0,0.0,-1,-1,-1,-1
10,1745915645,-114,10,-1,-1,-1,-1,-1,-1,-1,-1,-1,-1,38,24,,-1,-1,-1,,-1,-1,-1,0.0,0.0,0.0,0.0,-1,-1,-1,-1
10,1745915650,-114,10,-1,-1,-1,-1,-1,-1,-1,-1,-1,-1,38,24,,-1,-1,-1,,-1,-1,-1,0.0,0.0,0.0,0.0,-1,-1,-1,-1
10,1745915655,-117,10,-1,-1,-1,-1,-1,-1,-1,-1,-1,-1,38,24,,-1,-1,-1,,-1,-1,-1,0.0,0.0,0.0,0.0,-1,-1,-1,-1
10,1745915660,-115,10,-1,-1,-1,-1,-1,-1,-1,-1,-1,-1,38,24,,-1,-1,-1,,-1,-1,-1,0.0,0.0,0.0,0.0,-1,-1,-1,-1
10,1745915665,-116,10,-1,-1,-1,-1,-1,-1,-1,-1,-1,-1,38,24,,-1,-1,-1,,-1,-1,-1,0.0,0.0,0.0,0.0,-1,-1,-1,-1
10,1745915670,-116,7,-1,-1,-1,-1,-1,-1,-1,-1,-1,-1,48,20,,-1,-1,-1,,-1,-1,-1,0.0,0.0,0.0,0.0,-1,-1,-1,-1
10,1745915675,-115,7,-1,-1,-1,-1,-1,-1,-1,-1,-1,-1,48,20,,-1,-1,-1,,-1,-1,-1,0.0,0.0,0.0,0.0,-1,-1,-1,-1
10,1745915680,-114,7,-1,-1,-1,-1,-1,-1,-1,-1,-1,-1,48,20,,-1,-1,-1,,-1,-1,-1,0.0,0.0,0.0,0.0,-1,-1,-1,-1
10,1745915699,-114,7,-1,-1,-1,-1,-1,-1,-1,-1,-1,-1,48,20,,-1,-1,-1,,-1,-1,-1,0.0,0.0,0.0,0.0,-1,-1,-1,-1
10,1745915704,-114,7,-1,-1,-1,-1,-1,-1,-1,-1,-1,-1,48,20,,-1,-1,-1,,-1,-1,-1,0.0,0.0,0.0,0.0,-1,-1,-1,-1
10,1745915709,-116,7,-1,-1,-1,-1,-1,-1,-1,-1,-1,-1,48,20,,-1,-1,-1,,-1,-1,-1,0.0,0.0,0.0,0.0,-1,-1,-1,-1
10,1745915714,-115,7,-1,-1,-1,-1,-1,-1,-1,-1,-1,-1,48,20,,-1,-1,-1,,-1,-1,-1,0.0,0.0,0.0,0.0,-1,-1,-1,-1
10,1745915719,-115,10,-1,-1,-1,-1,-1,-1,-1,-1,-1,-1,38,24,,-1,-1,-1,,-1,-1,-1,0.0,0.0,0.0,0.0,-1,-1,-1,-1
10,1745915724,-114,10,-1,-1,-1,-1,-1,-1,-1,-1,-1,-1,38,24,,-1,-1,-1,,-1,-1,-1,0.0,0.0,0.0,0.0,-1,-1,-1,-1
10,1745915729,-114,10,-1,-1,-1,-1,-1,-1,-1,-1,-1,-1,38,24,,-1,-1,-1,,-1,-1,-1,0.0,0.0,0.0,0.0,-1,-1,-1,-1
10,1745915734,-116,10,-1,-1,-1,-1,-1,-1,-1,-1,-1,-1,38,24,,-1,-1,-1,,-1,-1,-1,0.0,0.0,0.0,0.0,-1,-1,-1,-1
10,1745915739,-114,10,-1,-1,-1,-1,-1,-1,-1,-1,-1,-1,38,24,,-1,-1,-1,,-1,-1,-1,0.0,0.0,0.0,0.0,-1,-1,-1,-1
10,1745915744,-116,8,-1,-1,-1,-1,-1,-1,-1,-1,-1,-1,47,21,,-1,-1,-1,,-1,-1,-1,0.0,0.0,0.0,0.0,-1,-1,-1,-1
10,1745915749,-114,8,-1,-1,-1,-1,-1,-1,-1,-1,-1,-1,47,21,,-1,-1,-1,,-1,-1,-1,0.0,0.0,0.0,0.0,-1,-1,-1,-1
10,1745915754,-114,8,-1,-1,-1,-1,-1,-1,-1,-1,-1,-1,47,21,,-1,-1,-1,,-1,-1,-1,0.0,0.0,0.0,0.0,-1,-1,-1,-1
10,1745915759,-113,8,-1,-1,-1,-1,-1,-1,-1,-1,-1,-1,47,21,,-1,-1,-1,,-1,-1,-1,0.0,0.0,0.0,0.0,-1,-1,-1,-1
10,1745915764,-112,8,-1,-1,-1,-1,-1,-1,-1,-1,-1,-1,47,21,,-1,-1,-1,,-1,-1,-1,0.0,0.0,0.0,0.0,-1,-1,-1,-1
10,1745915769,-112,8,-1,-1,-1,-1,-1,-1,-1,-1,-1,-1,47,21,,-1,-1,-1,,-1,-1,-1,0.0,0.0,0.0,0.0,-1,-1,-1,-1
10,1745915774,-112,8,-1,-1,-1,-1,-1,-1,-1,-1,-1,-1,47,21,,-1,-1,-1,,-1,-1,-1,0.0,0.0,0.0,0.0,-1,-1,-1,-1
10,1745915779,-110,8,-1,-1,-1,-1,-1,-1,-1,-1,-1,-1,45,19,,-1,-1,-1,,-1,-1,-1,0.0,0.0,0.0,0.0,-1,-1,-1,-1
10,1745915784,-109,8,-1,-1,-1,-1,-1,-1,-1,-1,-1,-1,45,19,,-1,-1,-1,,-1,-1,-1,0.0,0.0,0.0,0.0,-1,-1,-1,-1
10,1745915789,-106,8,-1,-1,-1,-1,-1,-1,-1,-1,-1,-1,45,19,,-1,-1,-1,,-1,-1,-1,0.0,0.0,0.0,0.0,-1,-1,-1,-1
10,1745915794,-108,8,-1,-1,-1,-1,-1,-1,-1,-1,-1,-1,45,19,,-1,-1,-1,,-1,-1,-1,0.0,0.0,0.0,0.0,-1,-1,-1,-1
10,1745915799,-108,8,-1,-1,-1,-1,-1,-1,-1,-1,-1,-1,45,19,,-1,-1,-1,,-1,-1,-1,0.0,0.0,0.0,0.0,-1,-1,-1,-1
10,1745915804,-108,8,-1,-1,-1,-1,-1,-1,-1,-1,-1,-1,45,19,,-1,-1,-1,,-1,-1,-1,0.0,0.0,0.0,0.0,-1,-1,-1,-1
10,1745915809,-106,9,-1,-1,-1,-1,-1,-1,-1,-1,-1,-1,39,21,,-1,-1,-1,,-1,-1,-1,0.0,0.0,0.0,0.0,-1,-1,-1,-1
10,1745915814,-106,9,-1,-1,-1,-1,-1,-1,-1,-1,-1,-1,39,21,,-1,-1,-1,,-1,-1,-1,0.0,0.0,0.0,0.0,-1,-1,-1,-1
10,1745915819,-103,9,-1,-1,-1,-1,-1,-1,-1,-1,-1,-1,39,21,,-1,-1,-1,,-1,-1,-1,0.0,0.0,0.0,0.0,-1,-1,-1,-1
10,1745915824,-105,9,-1,-1,-1,-1,-1,-1,-1,-1,-1,-1,39,21,,-1,-1,-1,,-1,-1,-1,0.0,0.0,0.0,0.0,-1,-1,-1,-1
10,1745915829,-104,9,-1,-1,-1,-1,-1,-1,-1,-1,-1,-1,39,21,,-1,-1,-1,,-1,-1,-1,0.0,0.0,0.0,0.0,-1,-1,-1,-1
10,1745915834,-108,9,-1,-1,-1,-1,-1,-1,-1,-1,-1,-1,39,21,,-1,-1,-1,,-1,-1,-1,0.0,0.0,0.0,0.0,-1,-1,-1,-1
10,1745915839,-106,9,-1,-1,-1,-1,-1,-1,-1,-1,-1,-1,39,21,,-1,-1,-1,,-1,-1,-1,0.0,0.0,0.0,0.0,-1,-1,-1,-1
10,1745915844,-106,9,-1,-1,-1,-1,-1,-1,-1,-1,-1,-1,39,21,,-1,-1,-1,,-1,-1,-1,0.0,0.0,0.0,0.0,-1,-1,-1,-1
10,1745915849,-104,9,-1,-1,-1,-1,-1,-1,-1,-1,-1,-1,39,21,,-1,-1,-1,,-1,-1,-1,0.0,0.0,0.0,0.0,-1,-1,-1,-1
10,1745915854,-104,9,-1,-1,-1,-1,-1,-1,-1,-1,-1,-1,39,21,,-1,-1,-1,,-1,-1,-1,0.0,0.0,0.0,0.0,-1,-1,-1,-1
10,1745915859,-104,9,-1,-1,-1,-1,-1,-1,-1,-1,-1,-1,40,20,,-1,-1,-1,,-1,-1,-1,0.0,0.0,0.0,0.0,-1,-1,-1,-1
10,1745915864,-110,9,-1,-1,-1,-1,-1,-1,-1,-1,-1,-1,40,20,,-1,-1,-1,,-1,-1,-1,0.0,0.0,0.0,0.0,-1,-1,-1,-1
10,1745915869,-111,9,-1,-1,-1,-1,-1,-1,-1,-1,-1,-1,40,20,,-1,-1,-1,,-1,-1,-1,0.0,0.0,0.0,0.0,-1,-1,-1,-1
10,1745915874,-108,9,-1,-1,-1,-1,-1,-1,-1,-1,-1,-1,40,20,,-1,-1,-1,,-1,-1,-1,0.0,0.0,0.0,0.0,-1,-1,-1,-1
10,1745915879,-107,9,-1,-1,-1,-1,-1,-1,-1,-1,-1,-1,40,20,,-1,-1,-1,,-1,-1,-1,0.0,0.0,0.0,0.0,-1,-1,-1,-1
10,1745915884,-108,9,-1,-1,-1,-1,-1,-1,-1,-1,-1,-1,40,20,,-1,-1,-1,,-1,-1,-1,0.0,0.0,0.0,0.0,-1,-1,-1,-1
10,1745915889,-112,9,-1,-1,-1,-1,-1,-1,-1,-1,-1,-1,38,21,,-1,-1,-1,,-1,-1,-1,0.0,0.0,0.0,0.0,-1,-1,-1,-1
10,1745915894,-112,9,-1,-1,-1,-1,-1,-1,-1,-1,-1,-1,38,21,,-1,-1,-1,,-1,-1,-1,0.0,0.0,0.0,0.0,-1,-1,-1,-1
10,1745915899,-112,9,-1,-1,-1,-1,-1,-1,-1,-1,-1,-1,38,21,,-1,-1,-1,,-1,-1,-1,0.0,0.0,0.0,0.0,-1,-1,-1,-1
10,1745915904,-111,9,-1,-1,-1,-1,-1,-1,-1,-1,-1,-1,38,21,,-1,-1,-1,,-1,-1,-1,0.0,0.0,0.0,0.0,-1,-1,-1,-1
10,1745915909,-112,9,-1,-1,-1,-1,-1,-1,-1,-1,-1,-1,38,21,,-1,-1,-1,,-1,-1,-1,0.0,0.0,0.0,0.0,-1,-1,-1,-1
10,1745915914,-112,9,-1,-1,-1,-1,-1,-1,-1,-1,-1,-1,39,21,,-1,-1,-1,,-1,-1,-1,0.0,0.0,0.0,0.0,-1,-1,-1,-1
10,1745915919,-112,9,-1,-1,-1,-1,-1,-1,-1,-1,-1,-1,39,21,,-1,-1,-1,,-1,-1,-1,0.0,0.0,0.0,0.0,-1,-1,-1,-1
10,1745915924,-113,9,-1,-1,-1,-1,-1,-1,-1,-1,-1,-1,39,21,,-1,-1,-1,,-1,-1,-1,0.0,0.0,0.0,0.0,-1,-1,-1,-1
10,1745915929,-112,9,-1,-1,-1,-1,-1,-1,-1,-1,-1,-1,39,21,,-1,-1,-1,,-1,-1,-1,0.0,0.0,0.0,0.0,-1,-1,-1,-1
10,1745915934,-111,9,-1,-1,-1,-1,-1,-1,-1,-1,-1,-1,39,21,,-1,-1,-1,,-1,-1,-1,0.0,0.0,0.0,0.0,-1,-1,-1,-1
10,1745915954,-111,9,-1,-1,-1,-1,-1,-1,-1,-1,-1,-1,40,23,,-1,-1,-1,,-1,-1,-1,0.0,0.0,0.0,0.0,-1,-1,-1,-1
10,1745915959,-111,9,-1,-1,-1,-1,-1,-1,-1,-1,-1,-1,40,23,,-1,-1,-1,,-1,-1,-1,0.0,0.0,0.0,0.0,-1,-1,-1,-1
10,1745915964,-108,9,-1,-1,-1,-1,-1,-1,-1,-1,-1,-1,40,23,,-1,-1,-1,,-1,-1,-1,0.0,0.0,0.0,0.0,-1,-1,-1,-1
10,1745915969,-109,9,-1,-1,-1,-1,-1,-1,-1,-1,-1,-1,40,23,,-1,-1,-1,,-1,-1,-1,0.0,0.0,0.0,0.0,-1,-1,-1,-1
10,1745915974,-107,9,-1,-1,-1,-1,-1,-1,-1,-1,-1,-1,40,23,,-1,-1,-1,,-1,-1,-1,0.0,0.0,0.0,0.0,-1,-1,-1,-1
10,1745915979,-108,9,-1,-1,-1,-1,-1,-1,-1,-1,-1,-1,42,21,,-1,-1,-1,,-1,-1,-1,0.0,0.0,0.0,0.0,-1,-1,-1,-1
10,1745915984,-106,9,-1,-1,-1,-1,-1,-1,-1,-1,-1,-1,42,21,,-1,-1,-1,,-1,-1,-1,0.0,0.0,0.0,0.0,-1,-1,-1,-1
10,1745915989,-104,9,-1,-1,-1,-1,-1,-1,-1,-1,-1,-1,42,21,,-1,-1,-1,,-1,-1,-1,0.0,0.0,0.0,0.0,-1,-1,-1,-1
10,1745915994,-107,9,-1,-1,-1,-1,-1,-1,-1,-1,-1,-1,42,21,,-1,-1,-1,,-1,-1,-1,0.0,0.0,0.0,0.0,-1,-1,-1,-1
10,1745915999,-104,9,-1,-1,-1,-1,-1,-1,-1,-1,-1,-1,42,21,,-1,-1,-1,,-1,-1,-1,0.0,0.0,0.0,0.0,-1,-1,-1,-1
10,1745916004,-104,9,-1,-1,-1,-1,-1,-1,-1,-1,-1,-1,42,21,,-1,-1,-1,,-1,-1,-1,0.0,0.0,0.0,0.0,-1,-1,-1,-1
10,1745916009,-104,9,-1,-1,-1,-1,-1,-1,-1,-1,-1,-1,39,21,,-1,-1,-1,,-1,-1,-1,0.0,0.0,0.0,0.0,-1,-1,-1,-1
10,1745916014,-104,9,-1,-1,-1,-1,-1,-1,-1,-1,-1,-1,39,21,,-1,-1,-1,,-1,-1,-1,0.0,0.0,0.0,0.0,-1,-1,-1,-1
10,1745916019,-105,9,-1,-1,-1,-1,-1,-1,-1,-1,-1,-1,39,21,,-1,-1,-1,,-1,-1,-1,0.0,0.0,0.0,0.0,-1,-1,-1,-1
10,1745916024,-105,9,-1,-1,-1,-1,-1,-1,-1,-1,-1,-1,39,21,,-1,-1,-1,,-1,-1,-1,0.0,0.0,0.0,0.0,-1,-1,-1,-1
10,1745916029,-105,9,-1,-1,-1,-1,-1,-1,-1,-1,-1,-1,39,21,,-1,-1,-1,,-1,-1,-1,0.0,0.0,0.0,0.0,-1,-1,-1,-1
10,1745916034,-96,10,-1,-1,-1,-1,-1,-1,-1,-1,-1,-1,38,24,,-1,-1,-1,,-1,-1,-1,0.0,0.0,0.0,0.0,-1,-1,-1,-1
10,1745916039,-102,10,-1,-1,-1,-1,-1,-1,-1,-1,-1,-1,38,24,,-1,-1,-1,,-1,-1,-1,0.0,0.0,0.0,0.0,-1,-1,-1,-1
10,1745916044,-102,10,-1,-1,-1,-1,-1,-1,-1,-1,-1,-1,38,24,,-1,-1,-1,,-1,-1,-1,0.0,0.0,0.0,0.0,-1,-1,-1,-1
10,1745916049,-102,10,-1,-1,-1,-1,-1,-1,-1,-1,-1,-1,38,24,,-1,-1,-1,,-1,-1,-1,0.0,0.0,0.0,0.0,-1,-1,-1,-1
10,1745916054,-102,10,-1,-1,-1,-1,-1,-1,-1,-1,-1,-1,38,24,,-1,-1,-1,,-1,-1,-1,0.0,0.0,0.0,0.0,-1,-1,-1,-1
10,1745916059,-107,8,-1,-1,-1,-1,-1,-1,-1,-1,-1,-1,47,21,,-1,-1,-1,,-1,-1,-1,0.0,0.0,0.0,0.0,-1,-1,-1,-1
10,1745916064,-105,8,-1,-1,-1,-1,-1,-1,-1,-1,-1,-1,47,21,,-1,-1,-1,,-1,-1,-1,0.0,0.0,0.0,0.0,-1,-1,-1,-1
10,1745916069,-110,8,-1,-1,-1,-1,-1,-1,-1,-1,-1,-1,47,21,,-1,-1,-1,,-1,-1,-1,0.0,0.0,0.0,0.0,-1,-1,-1,-1
10,1745916074,-111,8,-1,-1,-1,-1,-1,-1,-1,-1,-1,-1,47,21,,-1,-1,-1,,-1,-1,-1,0.0,0.0,0.0,0.0,-1,-1,-1,-1
10,1745916079,-111,8,-1,-1,-1,-1,-1,-1,-1,-1,-1,-1,47,21,,-1,-1,-1,,-1,-1,-1,0.0,0.0,0.0,0.0,-1,-1,-1,-1
10,1745916084,-112,8,-1,-1,-1,-1,-1,-1,-1,-1,-1,-1,47,21,,-1,-1,-1,,-1,-1,-1,0.0,0.0,0.0,0.0,-1,-1,-1,-1
10,1745916089,-113,8,-1,-1,-1,-1,-1,-1,-1,-1,-1,-1,47,21,,-1,-1,-1,,-1,-1,-1,0.0,0.0,0.0,0.0,-1,-1,-1,-1
10,1745916094,-114,9,-1,-1,-1,-1,-1,-1,-1,-1,-1,-1,41,22,,-1,-1,-1,,-1,-1,-1,0.0,0.0,0.0,0.0,-1,-1,-1,-1
10,1745916099,-114,9,-1,-1,-1,-1,-1,-1,-1,-1,-1,-1,41,22,,-1,-1,-1,,-1,-1,-1,0.0,0.0,0.0,0.0,-1,-1,-1,-1
10,1745916104,-116,9,-1,-1,-1,-1,-1,-1,-1,-1,-1,-1,41,22,,-1,-1,-1,,-1,-1,-1,0.0,0.0,0.0,0.0,-1,-1,-1,-1
10,1745916109,-115,9,-1,-1,-1,-1,-1,-1,-1,-1,-1,-1,41,22,,-1,-1,-1,,-1,-1,-1,0.0,0.0,0.0,0.0,-1,-1,-1,-1
10,1745916114,-114,9,-1,-1,-1,-1,-1,-1,-1,-1,-1,-1,41,22,,-1,-1,-1,,-1,-1,-1,0.0,0.0,0.0,0.0,-1,-1,-1,-1
10,1745916119,-117,9,-1,-1,-1,-1,-1,-1,-1,-1,-1,-1,41,22,,-1,-1,-1,,-1,-1,-1,0.0,0.0,0.0,0.0,-1,-1,-1,-1
10,1745916124,-118,10,-1,-1,-1,-1,-1,-1,-1,-1,-1,-1,37,25,,-1,-1,-1,,-1,-1,-1,0.0,0.0,0.0,0.0,-1,-1,-1,-1
10,1745916129,-117,10,-1,-1,-1,-1,-1,-1,-1,-1,-1,-1,37,25,,-1,-1,-1,,-1,-1,-1,0.0,0.0,0.0,0.0,-1,-1,-1,-1
10,1745916134,-117,10,-1,-1,-1,-1,-1,-1,-1,-1,-1,-1,37,25,,-1,-1,-1,,-1,-1,-1,0.0,0.0,0.0,0.0,-1,-1,-1,-1
10,1745916139,-117,10,-1,-1,-1,-1,-1,-1,-1,-1,-1,-1,37,25,,-1,-1,-1,,-1,-1,-1,0.0,0.0,0.0,0.0,-1,-1,-1,-1
10,1745916144,-114,10,-1,-1,-1,-1,-1,-1,-1,-1,-1,-1,37,25,,-1,-1,-1,,-1,-1,-1,0.0,0.0,0.0,0.0,-1,-1,-1,-1
10,1745916149,-118,8,-1,-1,-1,-1,-1,-1,-1,-1,-1,-1,46,21,,-1,-1,-1,,-1,-1,-1,0.0,0.0,0.0,0.0,-1,-1,-1,-1
10,1745916154,-116,8,-1,-1,-1,-1,-1,-1,-1,-1,-1,-1,46,21,,-1,-1,-1,,-1,-1,-1,0.0,0.0,0.0,0.0,-1,-1,-1,-1
10,1745916159,-115,8,-1,-1,-1,-1,-1,-1,-1,-1,-1,-1,46,21,,-1,-1,-1,,-1,-1,-1,0.0,0.0,0.0,0.0,-1,-1,-1,-1
10,1745916164,-106,8,-1,-1,-1,-1,-1,-1,-1,-1,-1,-1,46,21,,-1,-1,-1,,-1,-1,-1,0.0,0.0,0.0,0.0,-1,-1,-1,-1
10,1745916169,-107,8,-1,-1,-1,-1,-1,-1,-1,-1,-1,-1,46,21,,-1,-1,-1,,-1,-1,-1,0.0,0.0,0.0,0.0,-1,-1,-1,-1
10,1745916174,-110,8,-1,-1,-1,-1,-1,-1,-1,-1,-1,-1,46,21,,-1,-1,-1,,-1,-1,-1,0.0,0.0,0.0,0.0,-1,-1,-1,-1
10,1745916179,-114,9,-1,-1,-1,-1,-1,-1,-1,-1,-1,-1,38,21,,-1,-1,-1,,-1,-1,-1,0.0,0.0,0.0,0.0,-1,-1,-1,-1
10,1745916184,-116,9,-1,-1,-1,-1,-1,-1,-1,-1,-1,-1,38,21,,-1,-1,-1,,-1,-1,-1,0.0,0.0,0.0,0.0,-1,-1,-1,-1
10,1745916189,-115,9,-1,-1,-1,-1,-1,-1,-1,-1,-1,-1,38,21,,-1,-1,-1,,-1,-1,-1,0.0,0.0,0.0,0.0,-1,-1,-1,-1
10,1745916209,-114,9,-1,-1,-1,-1,-1,-1,-1,-1,-1,-1,38,21,,-1,-1,-1,,-1,-1,-1,0.0,0.0,0.0,0.0,-1,-1,-1,-1
10,1745916214,-112,9,-1,-1,-1,-1,-1,-1,-1,-1,-1,-1,38,21,,-1,-1,-1,,-1,-1,-1,0.0,0.0,0.0,0.0,-1,-1,-1,-1
10,1745916219,-108,10,-1,-1,-1,-1,-1,-1,-1,-1,-1,-1,37,22,,-1,-1,-1,,-1,-1,-1,0.0,0.0,0.0,0.0,-1,-1,-1,-1
10,1745916224,-109,10,-1,-1,-1,-1,-1,-1,-1,-1,-1,-1,37,22,,-1,-1,-1,,-1,-1,-1,0.0,0.0,0.0,0.0,-1,-1,-1,-1
10,1745916229,-113,10,-1,-1,-1,-1,-1,-1,-1,-1,-1,-1,37,22,,-1,-1,-1,,-1,-1,-1,0.0,0.0,0.0,0.0,-1,-1,-1,-1
10,1745916234,-113,10,-1,-1,-1,-1,-1,-1,-1,-1,-1,-1,37,22,,-1,-1,-1,,-1,-1,-1,0.0,0.0,0.0,0.0,-1,-1,-1,-1
10,1745916239,-112,10,-1,-1,-1,-1,-1,-1,-1,-1,-1,-1,37,22,,-1,-1,-1,,-1,-1,-1,0.0,0.0,0.0,0.0,-1,-1,-1,-1
10,1745916244,-112,9,-1,-1,-1,-1,-1,-1,-1,-1,-1,-1,39,21,,-1,-1,-1,,-1,-1,-1,0.0,0.0,0.0,0.0,-1,-1,-1,-1
10,1745916249,-111,9,-1,-1,-1,-1,-1,-1,-1,-1,-1,-1,39,21,,-1,-1,-1,,-1,-1,-1,0.0,0.0,0.0,0.0,-1,-1,-1,-1
10,1745916254,-110,9,-1,-1,-1,-1,-1,-1,-1,-1,-1,-1,39,21,,-1,-1,-1,,-1,-1,-1,0.0,0.0,0.0,0.0,-1,-1,-1,-1
10,1745916259,-111,9,-1,-1,-1,-1,-1,-1,-1,-1,-1,-1,39,21,,-1,-1,-1,,-1,-1,-1,0.0,0.0,0.0,0.0,-1,-1,-1,-1
10,1745916264,-112,9,-1,-1,-1,-1,-1,-1,-1,-1,-1,-1,39,21,,-1,-1,-1,,-1,-1,-1,0.0,0.0,0.0,0.0,-1,-1,-1,-1
10,1745916269,-113,9,-1,-1,-1,-1,-1,-1,-1,-1,-1,-1,41,22,,-1,-1,-1,,-1,-1,-1,0.0,0.0,0.0,0.0,-1,-1,-1,-1
10,1745916274,-109,9,-1,-1,-1,-1,-1,-1,-1,-1,-1,-1,41,22,,-1,-1,-1,,-1,-1,-1,0.0,0.0,0.0,0.0,-1,-1,-1,-1
10,1745916279,-112,9,-1,-1,-1,-1,-1,-1,-1,-1,-1,-1,41,22,,-1,-1,-1,,-1,-1,-1,0.0,0.0,0.0,0.0,-1,-1,-1,-1
10,1745916284,-113,9,-1,-1,-1,-1,-1,-1,-1,-1,-1,-1,41,22,,-1,-1,-1,,-1,-1,-1,0.0,0.0,0.0,0.0,-1,-1,-1,-1
10,1745916289,-112,9,-1,-1,-1,-1,-1,-1,-1,-1,-1,-1,41,22,,-1,-1,-1,,-1,-1,-1,0.0,0.0,0.0,0.0,-1,-1,-1,-1
10,1745916294,-113,9,-1,-1,-1,-1,-1,-1,-1,-1,-1,-1,41,22,,-1,-1,-1,,-1,-1,-1,0.0,0.0,0.0,0.0,-1,-1,-1,-1
10,1745916299,-113,9,-1,-1,-1,-1,-1,-1,-1,-1,-1,-1,38,21,,-1,-1,-1,,-1,-1,-1,0.0,0.0,0.0,0.0,-1,-1,-1,-1
10,1745916304,-110,9,-1,-1,-1,-1,-1,-1,-1,-1,-1,-1,38,21,,-1,-1,-1,,-1,-1,-1,0.0,0.0,0.0,0.0,-1,-1,-1,-1
10,1745916309,-108,9,-1,-1,-1,-1,-1,-1,-1,-1,-1,-1,38,21,,-1,-1,-1,,-1,-1,-1,0.0,0.0,0.0,0.0,-1,-1,-1,-1
10,1745916314,-108,9,-1,-1,-1,-1,-1,-1,-1,-1,-1,-1,38,21,,-1,-1,-1,,-1,-1,-1,0.0,0.0,0.0,0.0,-1,-1,-1,-1
10,1745916319,-108,9,-1,-1,-1,-1,-1,-1,-1,-1,-1,-1,38,21,,-1,-1,-1,,-1,-1,-1,0.0,0.0,0.0,0.0,-1,-1,-1,-1
10,1745916324,-110,9,-1,-1,-1,-1,-1,-1,-1,-1,-1,-1,41,22,,-1,-1,-1,,-1,-1,-1,0.0,0.0,0.0,0.0,-1,-1,-1,-1
10,1745916329,-109,9,-1,-1,-1,-1,-1,-1,-1,-1,-1,-1,41,22,,-1,-1,-1,,-1,-1,-1,0.0,0.0,0.0,0.0,-1,-1,-1,-1
10,1745916334,-106,9,-1,-1,-1,-1,-1,-1,-1,-1,-1,-1,41,22,,-1,-1,-1,,-1,-1,-1,0.0,0.0,0.0,0.0,-1,-1,-1,-1
10,1745916339,-107,9,-1,-1,-1,-1,-1,-1,-1,-1,-1,-1,41,22,,-1,-1,-1,,-1,-1,-1,0.0,0.0,0.0,0.0,-1,-1,-1,-1
10,1745916344,-109,9,-1,-1,-1,-1,-1,-1,-1,-1,-1,-1,41,22,,-1,-1,-1,,-1,-1,-1,0.0,0.0,0.0,0.0,-1,-1,-1,-1
10,1745916349,-108,9,-1,-1,-1,-1,-1,-1,-1,-1,-1,-1,41,22,,-1,-1,-1,,-1,-1,-1,0.0,0.0,0.0,0.0,-1,-1,-1,-1
10,1745916354,-107,9,-1,-1,-1,-1,-1,-1,-1,-1,-1,-1,40,23,,-1,-1,-1,,-1,-1,-1,0.0,0.0,0.0,0.0,-1,-1,-1,-1
10,1745916359,-107,9,-1,-1,-1,-1,-1,-1,-1,-1,-1,-1,40,23,,-1,-1,-1,,-1,-1,-1,0.0,0.0,0.0,0.0,-1,-1,-1,-1
10,1745916364,-108,9,-1,-1,-1,-1,-1,-1,-1,-1,-1,-1,40,23,,-1,-1,-1,,-1,-1,-1,0.0,0.0,0.0,0.0,-1,-1,-1,-1
10,1745916369,-107,9,-1,-1,-1,-1,-1,-1,-1,-1,-1,-1,40,23,,-1,-1,-1,,-1,-1,-1,0.0,0.0,0.0,0.0,-1,-1,-1,-1
10,1745916374,-105,9,-1,-1,-1,-1,-1,-1,-1,-1,-1,-1,40,23,,-1,-1,-1,,-1,-1,-1,0.0,0.0,0.0,0.0,-1,-1,-1,-1
10,1745916379,-104,9,-1,-1,-1,-1,-1,-1,-1,-1,-1,-1,39,21,,-1,-1,-1,,-1,-1,-1,0.0,0.0,0.0,0.0,-1,-1,-1,-1
10,1745916384,-105,9,-1,-1,-1,-1,-1,-1,-1,-1,-1,-1,39,21,,-1,-1,-1,,-1,-1,-1,0.0,0.0,0.0,0.0,-1,-1,-1,-1
10,1745916389,-103,9,-1,-1,-1,-1,-1,-1,-1,-1,-1,-1,39,21,,-1,-1,-1,,-1,-1,-1,0.0,0.0,0.0,0.0,-1,-1,-1,-1
10,1745916394,-103,9,-1,-1,-1,-1,-1,-1,-1,-1,-1,-1,39,21,,-1,-1,-1,,-1,-1,-1,0.0,0.0,0.0,0.0,-1,-1,-1,-1
10,1745916399,-103,9,-1,-1,-1,-1,-1,-1,-1,-1,-1,-1,39,21,,-1,-1,-1,,-1,-1,-1,0.0,0.0,0.0,0.0,-1,-1,-1,-1
10,1745916404,-102,9,-1,-1,-1,-1,-1,-1,-1,-1,-1,-1,40,23,,-1,-1,-1,,-1,-1,-1,0.0,0.0,0.0,0.0,-1,-1,-1,-1
10,1745916409,-103,9,-1,-1,-1,-1,-1,-1,-1,-1,-1,-1,40,23,,-1,-1,-1,,-1,-1,-1,0.0,0.0,0.0,0.0,-1,-1,-1,-1
10,1745916414,-106,9,-1,-1,-1,-1,-1,-1,-1,-1,-1,-1,40,23,,-1,-1,-1,,-1,-1,-1,0.0,0.0,0.0,0.0,-1,-1,-1,-1
10,1745916419,-106,9,-1,-1,-1,-1,-1,-1,-1,-1,-1,-1,40,23,,-1,-1,-1,,-1,-1,-1,0.0,0.0,0.0,0.0,-1,-1,-1,-1
10,1745916424,-106,9,-1,-1,-1,-1,-1,-1,-1,-1,-1,-1,40,23,,-1,-1,-1,,-1,-1,-1,0.0,0.0,0.0,0.0,-1,-1,-1,-1
10,1745916429,-106,10,-1,-1,-1,-1,-1,-1,-1,-1,-1,-1,37,25,,-1,-1,-1,,-1,-1,-1,0.0,0.0,0.0,0.0,-1,-1,-1,-1
10,1745916434,-105,10,-1,-1,-1,-1,-1,-1,-1,-1,-1,-1,37,25,,-1,-1,-1,,-1,-1,-1,0.0,0.0,0.0,0.0,-1,-1,-1,-1
10,1745916439,-106,10,-1,-1,-1,-1,-1,-1,-1,-1,-1,-1,37,25,,-1,-1,-1,,-1,-1,-1,0.0,0.0,0.0,0.0,-1,-1,-1,-1
10,1745916444,-106,10,-1,-1,-1,-1,-1,-1,-1,-1,-1,-1,37,25,,-1,-1,-1,,-1,-1,-1,0.0,0.0,0.0,0.0,-1,-1,-1,-1
10,1745916471,-106,10,-1,-1,-1,-1,-1,-1,-1,-1,-1,-1,37,25,,-1,-1,-1,,-1,-1,-1,0.0,0.0,0.0,0.0,-1,-1,-1,-1
10,1745916476,-104,8,-1,-1,-1,-1,-1,-1,-1,-1,-1,-1,46,21,,-1,-1,-1,,-1,-1,-1,0.0,0.0,0.0,0.0,-1,-1,-1,-1
10,1745916481,-103,8,-1,-1,-1,-1,-1,-1,-1,-1,-1,-1,46,21,,-1,-1,-1,,-1,-1,-1,0.0,0.0,0.0,0.0,-1,-1,-1,-1
10,1745916486,-102,8,-1,-1,-1,-1,-1,-1,-1,-1,-1,-1,46,21,,-1,-1,-1,,-1,-1,-1,0.0,0.0,0.0,0.0,-1,-1,-1,-1
10,1745916491,-105,8,-1,-1,-1,-1,-1,-1,-1,-1,-1,-1,46,21,,-1,-1,-1,,-1,-1,-1,0.0,0.0,0.0,0.0,-1,-1,-1,-1
10,1745916496,-107,8,-1,-1,-1,-1,-1,-1,-1,-1,-1,-1,46,21,,-1,-1,-1,,-1,-1,-1,0.0,0.0,0.0,0.0,-1,-1,-1,-1
10,1745916501,-105,8,-1,-1,-1,-1,-1,-1,-1,-1,-1,-1,46,21,,-1,-1,-1,,-1,-1,-1,0.0,0.0,0.0,0.0,-1,-1,-1,-1
10,1745916506,-106,9,-1,-1,-1,-1,-1,-1,-1,-1,-1,-1,42,21,,-1,-1,-1,,-1,-1,-1,0.0,0.0,0.0,0.0,-1,-1,-1,-1
10,1745916511,-108,9,-1,-1,-1,-1,-1,-1,-1,-1,-1,-1,42,21,,-1,-1,-1,,-1,-1,-1,0.0,0.0,0.0,0.0,-1,-1,-1,-1
10,1745916516,-109,9,-1,-1,-1,-1,-1,-1,-1,-1,-1,-1,42,21,,-1,-1,-1,,-1,-1,-1,0.0,0.0,0.0,0.0,-1,-1,-1,-1
10,1745916521,-107,9,-1,-1,-1,-1,-1,-1,-1,-1,-1,-1,42,21,,-1,-1,-1,,-1,-1,-1,0.0,0.0,0.0,0.0,-1,-1,-1,-1
10,1745916526,-109,9,-1,-1,-1,-1,-1,-1,-1,-1,-1,-1,42,21,,-1,-1,-1,,-1,-1,-1,0.0,0.0,0.0,0.0,-1,-1,-1,-1
10,1745916531,-109,9,-1,-1,-1,-1,-1,-1,-1,-1,-1,-1,42,21,,-1,-1,-1,,-1,-1,-1,0.0,0.0,0.0,0.0,-1,-1,-1,-1
10,1745916536,-107,9,-1,-1,-1,-1,-1,-1,-1,-1,-1,-1,40,23,,-1,-1,-1,,-1,-1,-1,0.0,0.0,0.0,0.0,-1,-1,-1,-1
10,1745916541,-108,9,-1,-1,-1,-1,-1,-1,-1,-1,-1,-1,40,23,,-1,-1,-1,,-1,-1,-1,0.0,0.0,0.0,0.0,-1,-1,-1,-1
10,1745916546,-109,9,-1,-1,-1,-1,-1,-1,-1,-1,-1,-1,40,23,,-1,-1,-1,,-1,-1,-1,0.0,0.0,0.0,0.0,-1,-1,-1,-1
10,1745916551,-108,9,-1,-1,-1,-1,-1,-1,-1,-1,-1,-1,40,23,,-1,-1,-1,,-1,-1,-1,0.0,0.0,0.0,0.0,-1,-1,-1,-1
10,1745916556,-109,9,-1,-1,-1,-1,-1,-1,-1,-1,-1,-1,40,23,,-1,-1,-1,,-1,-1,-1,0.0,0.0,0.0,0.0,-1,-1,-1,-1
10,1745916561,-108,10,-1,-1,-1,-1,-1,-1,-1,-1,-1,-1,37,25,,-1,-1,-1,,-1,-1,-1,0.0,0.0,0.0,0.0,-1,-1,-1,-1
10,1745916566,-107,10,-1,-1,-1,-1,-1,-1,-1,-1,-1,-1,37,25,,-1,-1,-1,,-1,-1,-1,0.0,0.0,0.0,0.0,-1,-1,-1,-1
10,1745916571,-109,10,-1,-1,-1,-1,-1,-1,-1,-1,-1,-1,37,25,,-1,-1,-1,,-1,-1,-1,0.0,0.0,0.0,0.0,-1,-1,-1,-1
10,1745916576,-111,10,-1,-1,-1,-1,-1,-1,-1,-1,-1,-1,37,25,,-1,-1,-1,,-1,-1,-1,0.0,0.0,0.0,0.0,-1,-1,-1,-1
10,1745916581,-111,10,-1,-1,-1,-1,-1,-1,-1,-1,-1,-1,37,25,,-1,-1,-1,,-1,-1,-1,0.0,0.0,0.0,0.0,-1,-1,-1,-1
10,1745916586,-111,8,-1,-1,-1,-1,-1,-1,-1,-1,-1,-1,46,19,,-1,-1,-1,,-1,-1,-1,0.0,0.0,0.0,0.0,-1,-1,-1,-1
10,1745916591,-111,8,-1,-1,-1,-1,-1,-1,-1,-1,-1,-1,46,19,,-1,-1,-1,,-1,-1,-1,0.0,0.0,0.0,0.0,-1,-1,-1,-1
10,1745916596,-109,8,-1,-1,-1,-1,-1,-1,-1,-1,-1,-1,46,19,,-1,-1,-1,,-1,-1,-1,0.0,0.0,0.0,0.0,-1,-1,-1,-1
10,1745916601,-108,8,-1,-1,-1,-1,-1,-1,-1,-1,-1,-1,46,19,,-1,-1,-1,,-1,-1,-1,0.0,0.0,0.0,0.0,-1,-1,-1,-1
10,1745916606,-106,8,-1,-1,-1,-1,-1,-1,-1,-1,-1,-1,46,19,,-1,-1,-1,,-1,-1,-1,0.0,0.0,0.0,0.0,-1,-1,-1,-1
10,1745916611,-105,8,-1,-1,-1,-1,-1,-1,-1,-1,-1,-1,46,19,,-1,-1,-1,,-1,-1,-1,0.0,0.0,0.0,0.0,-1,-1,-1,-1
10,1745916616,-105,8,-1,-1,-1,-1,-1,-1,-1,-1,-1,-1,46,19,,-1,-1,-1,,-1,-1,-1,0.0,0.0,0.0,0.0,-1,-1,-1,-1
10,1745916621,-104,10,-1,-1,-1,-1,-1,-1,-1,-1,-1,-1,38,24,,-1,-1,-1,,-1,-1,-1,0.0,0.0,0.0,0.0,-1,-1,-1,-1
10,1745916626,-104,10,-1,-1,-1,-1,-1,-1,-1,-1,-1,-1,38,24,,-1,-1,-1,,-1,-1,-1,0.0,0.0,0.0,0.0,-1,-1,-1,-1
10,1745916631,-104,10,-1,-1,-1,-1,-1,-1,-1,-1,-1,-1,38,24,,-1,-1,-1,,-1,-1,-1,0.0,0.0,0.0,0.0,-1,-1,-1,-1
10,1745916636,-104,10,-1,-1,-1,-1,-1,-1,-1,-1,-1,-1,38,24,,-1,-1,-1,,-1,-1,-1,0.0,0.0,0.0,0.0,-1,-1,-1,-1
10,1745916641,-105,10,-1,-1,-1,-1,-1,-1,-1,-1,-1,-1,38,24,,-1,-1,-1,,-1,-1,-1,0.0,0.0,0.0,0.0,-1,-1,-1,-1
10,1745916646,-107,8,-1,-1,-1,-1,-1,-1,-1,-1,-1,-1,44,20,,-1,-1,-1,,-1,-1,-1,0.0,0.0,0.0,0.0,-1,-1,-1,-1
10,1745916651,-107,8,-1,-1,-1,-1,-1,-1,-1,-1,-1,-1,44,20,,-1,-1,-1,,-1,-1,-1,0.0,0.0,0.0,0.0,-1,-1,-1,-1
10,1745916656,-108,8,-1,-1,-1,-1,-1,-1,-1,-1,-1,-1,44,20,,-1,-1,-1,,-1,-1,-1,0.0,0.0,0.0,0.0,-1,-1,-1,-1
10,1745916661,-108,8,-1,-1,-1,-1,-1,-1,-1,-1,-1,-1,44,20,,-1,-1,-1,,-1,-1,-1,0.0,0.0,0.0,0.0,-1,-1,-1,-1
10,1745916666,-109,8,-1,-1,-1,-1,-1,-1,-1,-1,-1,-1,44,20,,-1,-1,-1,,-1,-1,-1,0.0,0.0,0.0,0.0,-1,-1,-1,-1
10,1745916671,-108,8,-1,-1,-1,-1,-1,-1,-1,-1,-1,-1,44,20,,-1,-1,-1,,-1,-1,-1,0.0,0.0,0.0,0.0,-1,-1,-1,-1
10,1745916676,-108,10,-1,-1,-1,-1,-1,-1,-1,-1,-1,-1,37,25,,-1,-1,-1,,-1,-1,-1,0.0,0.0,0.0,0.0,-1,-1,-1,-1
10,1745916681,-108,10,-1,-1,-1,-1,-1,-1,-1,-1,-1,-1,37,25,,-1,-1,-1,,-1,-1,-1,0.0,0.0,0.0,0.0,-1,-1,-1,-1
10,1745916686,-109,10,-1,-1,-1,-1,-1,-1,-1,-1,-1,-1,37,25,,-1,-1,-1,,-1,-1,-1,0.0,0.0,0.0,0.0,-1,-1,-1,-1
10,1745916691,-108,10,-1,-1,-1,-1,-1,-1,-1,-1,-1,-1,37,25,,-1,-1,-1,,-1,-1,-1,0.0,0.0,0.0,0.0,-1,-1,-1,-1
10,1745916696,-107,10,-1,-1,-1,-1,-1,-1,-1,-1,-1,-1,37,25,,-1,-1,-1,,-1,-1,-1,0.0,0.0,0.0,0.0,-1,-1,-1,-1
10,1745916701,-109,8,-1,-1,-1,-1,-1,-1,-1,-1,-1,-1,43,18,,-1,-1,-1,,-1,-1,-1,0.0,0.0,0.0,0.0,-1,-1,-1,-1
10,1745916706,-110,8,-1,-1,-1,-1,-1,-1,-1,-1,-1,-1,43,18,,-1,-1,-1,,-1,-1,-1,0.0,0.0,0.0,0.0,-1,-1,-1,-1
10,1745916735,-110,8,-1,-1,-1,-1,-1,-1,-1,-1,-1,-1,43,18,,-1,-1,-1,,-1,-1,-1,0.0,0.0,0.0,0.0,-1,-1,-1,-1
10,1745916740,-110,8,-1,-1,-1,-1,-1,-1,-1,-1,-1,-1,43,18,,-1,-1,-1,,-1,-1,-1,0.0,0.0,0.0,0.0,-1,-1,-1,-1
10,1745916745,-110,8,-1,-1,-1,-1,-1,-1,-1,-1,-1,-1,43,18,,-1,-1,-1,,-1,-1,-1,0.0,0.0,0.0,0.0,-1,-1,-1,-1
10,1745916750,-110,8,-1,-1,-1,-1,-1,-1,-1,-1,-1,-1,43,18,,-1,-1,-1,,-1,-1,-1,0.0,0.0,0.0,0.0,-1,-1,-1,-1
10,1745916755,-110,9,-1,-1,-1,-1,-1,-1,-1,-1,-1,-1,40,23,,-1,-1,-1,,-1,-1,-1,0.0,0.0,0.0,0.0,-1,-1,-1,-1
10,1745916760,-113,9,-1,-1,-1,-1,-1,-1,-1,-1,-1,-1,40,23,,-1,-1,-1,,-1,-1,-1,0.0,0.0,0.0,0.0,-1,-1,-1,-1
10,1745916765,-112,9,-1,-1,-1,-1,-1,-1,-1,-1,-1,-1,40,23,,-1,-1,-1,,-1,-1,-1,0.0,0.0,0.0,0.0,-1,-1,-1,-1
10,1745916770,-115,9,-1,-1,-1,-1,-1,-1,-1,-1,-1,-1,40,23,,-1,-1,-1,,-1,-1,-1,0.0,0.0,0.0,0.0,-1,-1,-1,-1
10,1745916775,-118,9,-1,-1,-1,-1,-1,-1,-1,-1,-1,-1,40,23,,-1,-1,-1,,-1,-1,-1,0.0,0.0,0.0,0.0,-1,-1,-1,-1
10,1745916780,-117,9,-1,-1,-1,-1,-1,-1,-1,-1,-1,-1,39,21,,-1,-1,-1,,-1,-1,-1,0.0,0.0,0.0,0.0,-1,-1,-1,-1
10,1745916785,-115,9,-1,-1,-1,-1,-1,-1,-1,-1,-1,-1,39,21,,-1,-1,-1,,-1,-1,-1,0.0,0.0,0.0,0.0,-1,-1,-1,-1
10,1745916790,-114,9,-1,-1,-1,-1,-1,-1,-1,-1,-1,-1,39,21,,-1,-1,-1,,-1,-1,-1,0.0,0.0,0.0,0.0,-1,-1,-1,-1
10,1745916795,-112,9,-1,-1,-1,-1,-1,-1,-1,-1,-1,-1,39,21,,-1,-1,-1,,-1,-1,-1,0.0,0.0,0.0,0.0,-1,-1,-1,-1
10,1745916800,-111,9,-1,-1,-1,-1,-1,-1,-1,-1,-1,-1,39,21,,-1,-1,-1,,-1,-1,-1,0.0,0.0,0.0,0.0,-1,-1,-1,-1
10,1745916805,-111,10,-1,-1,-1,-1,-1,-1,-1,-1,-1,-1,39,27,,-1,-1,-1,,-1,-1,-1,0.0,0.0,0.0,0.0,-1,-1,-1,-1
10,1745916810,-110,10,-1,-1,-1,-1,-1,-1,-1,-1,-1,-1,39,27,,-1,-1,-1,,-1,-1,-1,0.0,0.0,0.0,0.0,-1,-1,-1,-1
10,1745916815,-111,10,-1,-1,-1,-1,-1,-1,-1,-1,-1,-1,39,27,,-1,-1,-1,,-1,-1,-1,0.0,0.0,0.0,0.0,-1,-1,-1,-1
10,1745916820,-111,10,-1,-1,-1,-1,-1,-1,-1,-1,-1,-1,39,27,,-1,-1,-1,,-1,-1,-1,0.0,0.0,0.0,0.0,-1,-1,-1,-1
10,1745916825,-110,10,-1,-1,-1,-1,-1,-1,-1,-1,-1,-1,39,27,,-1,-1,-1,,-1,-1,-1,0.0,0.0,0.0,0.0,-1,-1,-1,-1
10,1745916830,-110,8,-1,-1,-1,-1,-1,-1,-1,-1,-1,-1,42,19,,-1,-1,-1,,-1,-1,-1,0.0,0.0,0.0,0.0,-1,-1,-1,-1
10,1745916835,-110,8,-1,-1,-1,-1,-1,-1,-1,-1,-1,-1,42,19,,-1,-1,-1,,-1,-1,-1,0.0,0.0,0.0,0.0,-1,-1,-1,-1
10,1745916840,-110,8,-1,-1,-1,-1,-1,-1,-1,-1,-1,-1,42,19,,-1,-1,-1,,-1,-1,-1,0.0,0.0,0.0,0.0,-1,-1,-1,-1
10,1745916845,-109,8,-1,-1,-1,-1,-1,-1,-1,-1,-1,-1,42,19,,-1,-1,-1,,-1,-1,-1,0.0,0.0,0.0,0.0,-1,-1,-1,-1
10,1745916850,-110,8,-1,-1,-1,-1,-1,-1,-1,-1,-1,-1,42,19,,-1,-1,-1,,-1,-1,-1,0.0,0.0,0.0,0.0,-1,-1,-1,-1
10,1745916855,-108,8,-1,-1,-1,-1,-1,-1,-1,-1,-1,-1,42,19,,-1,-1,-1,,-1,-1,-1,0.0,0.0,0.0,0.0,-1,-1,-1,-1
10,1745916860,-109,9,-1,-1,-1,-1,-1,-1,-1,-1,-1,-1,41,22,,-1,-1,-1,,-1,-1,-1,0.0,0.0,0.0,0.0,-1,-1,-1,-1
10,1745916865,-110,9,-1,-1,-1,-1,-1,-1,-1,-1,-1,-1,41,22,,-1,-1,-1,,-1,-1,-1,0.0,0.0,0.0,0.0,-1,-1,-1,-1
10,1745916870,-110,9,-1,-1,-1,-1,-1,-1,-1,-1,-1,-1,41,22,,-1,-1,-1,,-1,-1,-1,0.0,0.0,0.0,0.0,-1,-1,-1,-1
10,1745916875,-110,9,-1,-1,-1,-1,-1,-1,-1,-1,-1,-1,41,22,,-1,-1,-1,,-1,-1,-1,0.0,0.0,0.0,0.0,-1,-1,-1,-1
10,1745916880,-109,9,-1,-1,-1,-1,-1,-1,-1,-1,-1,-1,41,22,,-1,-1,-1,,-1,-1,-1,0.0,0.0,0.0,0.0,-1,-1,-1,-1
10,1745916885,-109,9,-1,-1,-1,-1,-1,-1,-1,-1,-1,-1,41,22,,-1,-1,-1,,-1,-1,-1,0.0,0.0,0.0,0.0,-1,-1,-1,-1
10,1745916890,-109,10,-1,-1,-1,-1,-1,-1,-1,-1,-1,-1,37,25,,-1,-1,-1,,-1,-1,-1,0.0,0.0,0.0,0.0,-1,-1,-1,-1
10,1745916895,-110,10,-1,-1,-1,-1,-1,-1,-1,-1,-1,-1,37,25,,-1,-1,-1,,-1,-1,-1,0.0,0.0,0.0,0.0,-1,-1,-1,-1
10,1745916900,-110,10,-1,-1,-1,-1,-1,-1,-1,-1,-1,-1,37,25,,-1,-1,-1,,-1,-1,-1,0.0,0.0,0.0,0.0,-1,-1,-1,-1
10,1745916905,-111,10,-1,-1,-1,-1,-1,-1,-1,-1,-1,-1,37,25,,-1,-1,-1,,-1,-1,-1,0.0,0.0,0.0,0.0,-1,-1,-1,-1
10,1745916910,-108,10,-1,-1,-1,-1,-1,-1,-1,-1,-1,-1,37,25,,-1,-1,-1,,-1,-1,-1,0.0,0.0,0.0,0.0,-1,-1,-1,-1
10,1745916915,-109,10,-1,-1,-1,-1,-1,-1,-1,-1,-1,-1,37,25,,-1,-1,-1,,-1,-1,-1,0.0,0.0,0.0,0.0,-1,-1,-1,-1
10,1745916920,-107,10,-1,-1,-1,-1,-1,-1,-1,-1,-1,-1,37,25,,-1,-1,-1,,-1,-1,-1,0.0,0.0,0.0,0.0,-1,-1,-1,-1
10,1745916925,-107,10,-1,-1,-1,-1,-1,-1,-1,-1,-1,-1,37,25,,-1,-1,-1,,-1,-1,-1,0.0,0.0,0.0,0.0,-1,-1,-1,-1
10,1745916930,-107,10,-1,-1,-1,-1,-1,-1,-1,-1,-1,-1,37,25,,-1,-1,-1,,-1,-1,-1,0.0,0.0,0.0,0.0,-1,-1,-1,-1
10,1745916935,-108,10,-1,-1,-1,-1,-1,-1,-1,-1,-1,-1,37,25,,-1,-1,-1,,-1,-1,-1,0.0,0.0,0.0,0.0,-1,-1,-1,-1
10,1745916940,-106,8,-1,-1,-1,-1,-1,-1,-1,-1,-1,-1,47,21,,-1,-1,-1,,-1,-1,-1,0.0,0.0,0.0,0.0,-1,-1,-1,-1
10,1745916945,-107,8,-1,-1,-1,-1,-1,-1,-1,-1,-1,-1,47,21,,-1,-1,-1,,-1,-1,-1,0.0,0.0,0.0,0.0,-1,-1,-1,-1
10,1745916950,-108,8,-1,-1,-1,-1,-1,-1,-1,-1,-1,-1,47,21,,-1,-1,-1,,-1,-1,-1,0.0,0.0,0.0,0.0,-1,-1,-1,-1
10,1745916955,-107,8,-1,-1,-1,-1,-1,-1,-1,-1,-1,-1,47,21,,-1,-1,-1,,-1,-1,-1,0.0,0.0,0.0,0.0,-1,-1,-1,-1
10,1745916960,-111,8,-1,-1,-1,-1,-1,-1,-1,-1,-1,-1,47,21,,-1,-1,-1,,-1,-1,-1,0.0,0.0,0.0,0.0,-1,-1,-1,-1
10,1745916965,-111,8,-1,-1,-1,-1,-1,-1,-1,-1,-1,-1,47,21,,-1,-1,-1,,-1,-1,-1,0.0,0.0,0.0,0.0,-1,-1,-1,-1
10,1745916970,-112,8,-1,-1,-1,-1,-1,-1,-1,-1,-1,-1,47,21,,-1,-1,-1,,-1,-1,-1,0.0,0.0,0.0,0.0,-1,-1,-1,-1
10,1745916987,-112,9,-1,-1,-1,-1,-1,-1,-1,-1,-1,-1,38,21,,-1,-1,-1,,-1,-1,-1,0.0,0.0,0.0,0.0,-1,-1,-1,-1
10,1745916992,-112,9,-1,-1,-1,-1,-1,-1,-1,-1,-1,-1,38,21,,-1,-1,-1,,-1,-1,-1,0.0,0.0,0.0,0.0,-1,-1,-1,-1
10,1745916997,-113,9,-1,-1,-1,-1,-1,-1,-1,-1,-1,-1,38,21,,-1,-1,-1,,-1,-1,-1,0.0,0.0,0.0,0.0,-1,-1,-1,-1
10,1745917002,-112,9,-1,-1,-1,-1,-1,-1,-1,-1,-1,-1,38,21,,-1,-1,-1,,-1,-1,-1,0.0,0.0,0.0,0.0,-1,-1,-1,-1
10,1745917007,-112,9,-1,-1,-1,-1,-1,-1,-1,-1,-1,-1,38,21,,-1,-1,-1,,-1,-1,-1,0.0,0.0,0.0,0.0,-1,-1,-1,-1
10,1745917012,-111,10,-1,-1,-1,-1,-1,-1,-1,-1,-1,-1,37,25,,-1,-1,-1,,-1,-1,-1,0.0,0.0,0.0,0.0,-1,-1,-1,-1
10,1745917017,-109,10,-1,-1,-1,-1,-1,-1,-1,-1,-1,-1,37,25,,-1,-1,-1,,-1,-1,-1,0.0,0.0,0.0,0.0,-1,-1,-1,-1
10,1745917022,-109,10,-1,-1,-1,-1,-1,-1,-1,-1,-1,-1,37,25,,-1,-1,-1,,-1,-1,-1,0.0,0.0,0.0,0.0,-1,-1,-1,-1
10,1745917027,-112,10,-1,-1,-1,-1,-1,-1,-1,-1,-1,-1,37,25,,-1,-1,-1,,-1,-1,-1,0.0,0.0,0.0,0.0,-1,-1,-1,-1
10,1745917032,-114,10,-1,-1,-1,-1,-1,-1,-1,-1,-1,-1,37,25,,-1,-1,-1,,-1,-1,-1,0.0,0.0,0.0,0.0,-1,-1,-1,-1
10,1745917037,-114,8,-1,-1,-1,-1,-1,-1,-1,-1,-1,-1,46,24,,-1,-1,-1,,-1,-1,-1,0.0,0.0,0.0,0.0,-1,-1,-1,-1
10,1745917042,-112,8,-1,-1,-1,-1,-1,-1,-1,-1,-1,-1,46,24,,-1,-1,-1,,-1,-1,-1,0.0,0.0,0.0,0.0,-1,-1,-1,-1
10,1745917047,-108,8,-1,-1,-1,-1,-1,-1,-1,-1,-1,-1,46,24,,-1,-1,-1,,-1,-1,-1,0.0,0.0,0.0,0.0,-1,-1,-1,-1
10,1745917052,-108,8,-1,-1,-1,-1,-1,-1,-1,-1,-1,-1,46,24,,-1,-1,-1,,-1,-1,-1,0.0,0.0,0.0,0.0,-1,-1,-1,-1
10,1745917057,-107,8,-1,-1,-1,-1,-1,-1,-1,-1,-1,-1,46,24,,-1,-1,-1,,-1,-1,-1,0.0,0.0,0.0,0.0,-1,-1,-1,-1
10,1745917062,-110,8,-1,-1,-1,-1,-1,-1,-1,-1,-1,-1,46,24,,-1,-1,-1,,-1,-1,-1,0.0,0.0,0.0,0.0,-1,-1,-1,-1
10,1745917067,-108,9,-1,-1,-1,-1,-1,-1,-1,-1,-1,-1,41,22,,-1,-1,-1,,-1,-1,-1,0.0,0.0,0.0,0.0,-1,-1,-1,-1
10,1745917072,-106,9,-1,-1,-1,-1,-1,-1,-1,-1,-1,-1,41,22,,-1,-1,-1,,-1,-1,-1,0.0,0.0,0.0,0.0,-1,-1,-1,-1
10,1745917077,-105,9,-1,-1,-1,-1,-1,-1,-1,-1,-1,-1,41,22,,-1,-1,-1,,-1,-1,-1,0.0,0.0,0.0,0.0,-1,-1,-1,-1
10,1745917082,-105,9,-1,-1,-1,-1,-1,-1,-1,-1,-1,-1,41,22,,-1,-1,-1,,-1,-1,-1,0.0,0.0,0.0,0.0,-1,-1,-1,-1
10,1745917087,-105,9,-1,-1,-1,-1,-1,-1,-1,-1,-1,-1,41,22,,-1,-1,-1,,-1,-1,-1,0.0,0.0,0.0,0.0,-1,-1,-1,-1
10,1745917092,-105,9,-1,-1,-1,-1,-1,-1,-1,-1,-1,-1,41,22,,-1,-1,-1,,-1,-1,-1,0.0,0.0,0.0,0.0,-1,-1,-1,-1
10,1745917097,-107,11,-1,-1,-1,-1,-1,-1,-1,-1,-1,-1,35,28,,-1,-1,-1,,-1,-1,-1,0.0,0.0,0.0,0.0,-1,-1,-1,-1
10,1745917102,-107,11,-1,-1,-1,-1,-1,-1,-1,-1,-1,-1,35,28,,-1,-1,-1,,-1,-1,-1,0.0,0.0,0.0,0.0,-1,-1,-1,-1
10,1745917107,-110,11,-1,-1,-1,-1,-1,-1,-1,-1,-1,-1,35,28,,-1,-1,-1,,-1,-1,-1,0.0,0.0,0.0,0.0,-1,-1,-1,-1
10,1745917112,-109,11,-1,-1,-1,-1,-1,-1,-1,-1,-1,-1,35,28,,-1,-1,-1,,-1,-1,-1,0.0,0.0,0.0,0.0,-1,-1,-1,-1
10,1745917117,-111,9,-1,-1,-1,-1,-1,-1,-1,-1,-1,-1,41,25,,-1,-1,-1,,-1,-1,-1,0.0,0.0,0.0,0.0,-1,-1,-1,-1
10,1745917122,-111,9,-1,-1,-1,-1,-1,-1,-1,-1,-1,-1,41,25,,-1,-1,-1,,-1,-1,-1,0.0,0.0,0.0,0.0,-1,-1,-1,-1
10,1745917127,-109,9,-1,-1,-1,-1,-1,-1,-1,-1,-1,-1,41,25,,-1,-1,-1,,-1,-1,-1,0.0,0.0,0.0,0.0,-1,-1,-1,-1
10,1745917132,-106,9,-1,-1,-1,-1,-1,-1,-1,-1,-1,-1,41,25,,-1,-1,-1,,-1,-1,-1,0.0,0.0,0.0,0.0,-1,-1,-1,-1
10,1745917137,-105,9,-1,-1,-1,-1,-1,-1,-1,-1,-1,-1,41,25,,-1,-1,-1,,-1,-1,-1,0.0,0.0,0.0,0.0,-1,-1,-1,-1
10,1745917142,-104,9,-1,-1,-1,-1,-1,-1,-1,-1,-1,-1,40,23,,-1,-1,-1,,-1,-1,-1,0.0,0.0,0.0,0.0,-1,-1,-1,-1
10,1745917147,-105,9,-1,-1,-1,-1,-1,-1,-1,-1,-1,-1,40,23,,-1,-1,-1,,-1,-1,-1,0.0,0.0,0.0,0.0,-1,-1,-1,-1
10,1745917152,-107,9,-1,-1,-1,-1,-1,-1,-1,-1,-1,-1,40,23,,-1,-1,-1,,-1,-1,-1,0.0,0.0,0.0,0.0,-1,-1,-1,-1
10,1745917157,-108,9,-1,-1,-1,-1,-1,-1,-1,-1,-1,-1,40,23,,-1,-1,-1,,-1,-1,-1,0.0,0.0,0.0,0.0,-1,-1,-1,-1
10,1745917162,-105,9,-1,-1,-1,-1,-1,-1,-1,-1,-1,-1,40,23,,-1,-1,-1,,-1,-1,-1,0.0,0.0,0.0,0.0,-1,-1,-1,-1
10,1745917167,-107,8,-1,-1,-1,-1,-1,-1,-1,-1,-1,-1,45,19,,-1,-1,-1,,-1,-1,-1,0.0,0.0,0.0,0.0,-1,-1,-1,-1
10,1745917172,-106,8,-1,-1,-1,-1,-1,-1,-1,-1,-1,-1,45,19,,-1,-1,-1,,-1,-1,-1,0.0,0.0,0.0,0.0,-1,-1,-1,-1
10,1745917177,-105,8,-1,-1,-1,-1,-1,-1,-1,-1,-1,-1,45,19,,-1,-1,-1,,-1,-1,-1,0.0,0.0,0.0,0.0,-1,-1,-1,-1
10,1745917182,-105,8,-1,-1,-1,-1,-1,-1,-1,-1,-1,-1,45,19,,-1,-1,-1,,-1,-1,-1,0.0,0.0,0.0,0.0,-1,-1,-1,-1
10,1745917187,-103,8,-1,-1,-1,-1,-1,-1,-1,-1,-1,-1,45,19,,-1,-1,-1,,-1,-1,-1,0.0,0.0,0.0,0.0,-1,-1,-1,-1
10,1745917192,-102,8,-1,-1,-1,-1,-1,-1,-1,-1,-1,-1,45,19,,-1,-1,-1,,-1,-1,-1,0.0,0.0,0.0,0.0,-1,-1,-1,-1
10,1745917197,-101,9,-1,-1,-1,-1,-1,-1,-1,-1,-1,-1,42,21,,-1,-1,-1,,-1,-1,-1,0.0,0.0,0.0,0.0,-1,-1,-1,-1
10,1745917202,-103,9,-1,-1,-1,-1,-1,-1,-1,-1,-1,-1,42,21,,-1,-1,-1,,-1,-1,-1,0.0,0.0,0.0,0.0,-1,-1,-1,-1
10,1745917207,-104,9,-1,-1,-1,-1,-1,-1,-1,-1,-1,-1,42,21,,-1,-1,-1,,-1,-1,-1,0.0,0.0,0.0,0.0,-1,-1,-1,-1
10,1745917212,-106,9,-1,-1,-1,-1,-1,-1,-1,-1,-1,-1,42,21,,-1,-1,-1,,-1,-1,-1,0.0,0.0,0.0,0.0,-1,-1,-1,-1
10,1745917217,-105,9,-1,-1,-1,-1,-1,-1,-1,-1,-1,-1,42,21,,-1,-1,-1,,-1,-1,-1,0.0,0.0,0.0,0.0,-1,-1,-1,-1
10,1745917222,-104,9,-1,-1,-1,-1,-1,-1,-1,-1,-1,-1,42,21,,-1,-1,-1,,-1,-1,-1,0.0,0.0,0.0,0.0,-1,-1,-1,-1
10,1745917245,-103,12,-1,-1,-1,-1,-1,-1,-1,-1,-1,-1,32,27,,-1,-1,-1,,-1,-1,-1,0.0,0.0,0.0,0.0,-1,-1,-1,-1
10,1745917250,-103,12,-1,-1,-1,-1,-1,-1,-1,-1,-1,-1,32,27,,-1,-1,-1,,-1,-1,-1,0.0,0.0,0.0,0.0,-1,-1,-1,-1
10,1745917255,-105,12,-1,-1,-1,-1,-1,-1,-1,-1,-1,-1,32,27,,-1,-1,-1,,-1,-1,-1,0.0,0.0,0.0,0.0,-1,-1,-1,-1
10,1745917260,-108,12,-1,-1,-1,-1,-1,-1,-1,-1,-1,-1,32,27,,-1,-1,-1,,-1,-1,-1,0.0,0.0,0.0,0.0,-1,-1,-1,-1
10,1745917265,-106,9,-1,-1,-1,-1,-1,-1,-1,-1,-1,-1,42,24,,-1,-1,-1,,-1,-1,-1,0.0,0.0,0.0,0.0,-1,-1,-1,-1
10,1745917270,-104,9,-1,-1,-1,-1,-1,-1,-1,-1,-1,-1,42,24,,-1,-1,-1,,-1,-1,-1,0.0,0.0,0.0,0.0,-1,-1,-1,-1
10,1745917275,-105,9,-1,-1,-1,-1,-1,-1,-1,-1,-1,-1,42,24,,-1,-1,-1,,-1,-1,-1,0.0,0.0,0.0,0.0,-1,-1,-1,-1
10,1745917280,-106,9,-1,-1,-1,-1,-1,-1,-1,-1,-1,-1,42,24,,-1,-1,-1,,-1,-1,-1,0.0,0.0,0.0,0.0,-1,-1,-1,-1
10,1745917285,-105,9,-1,-1,-1,-1,-1,-1,-1,-1,-1,-1,42,24,,-1,-1,-1,,-1,-1,-1,0.0,0.0,0.0,0.0,-1,-1,-1,-1
10,1745917290,-107,9,-1,-1,-1,-1,-1,-1,-1,-1,-1,-1,42,24,,-1,-1,-1,,-1,-1,-1,0.0,0.0,0.0,0.0,-1,-1,-1,-1
10,1745917295,-106,9,-1,-1,-1,-1,-1,-1,-1,-1,-1,-1,41,22,,-1,-1,-1,,-1,-1,-1,0.0,0.0,0.0,0.0,-1,-1,-1,-1
10,1745917300,-104,9,-1,-1,-1,-1,-1,-1,-1,-1,-1,-1,41,22,,-1,-1,-1,,-1,-1,-1,0.0,0.0,0.0,0.0,-1,-1,-1,-1
10,1745917305,-104,9,-1,-1,-1,-1,-1,-1,-1,-1,-1,-1,41,22,,-1,-1,-1,,-1,-1,-1,0.0,0.0,0.0,0.0,-1,-1,-1,-1
10,1745917310,-103,9,-1,-1,-1,-1,-1,-1,-1,-1,-1,-1,41,22,,-1,-1,-1,,-1,-1,-1,0.0,0.0,0.0,0.0,-1,-1,-1,-1
10,1745917315,-104,9,-1,-1,-1,-1,-1,-1,-1,-1,-1,-1,41,22,,-1,-1,-1,,-1,-1,-1,0.0,0.0,0.0,0.0,-1,-1,-1,-1
10,1745917320,-103,9,-1,-1,-1,-1,-1,-1,-1,-1,-1,-1,41,22,,-1,-1,-1,,-1,-1,-1,0.0,0.0,0.0,0.0,-1,-1,-1,-1
10,1745917325,-103,8,-1,-1,-1,-1,-1,-1,-1,-1,-1,-1,47,21,,-1,-1,-1,,-1,-1,-1,0.0,0.0,0.0,0.0,-1,-1,-1,-1
10,1745917330,-103,8,-1,-1,-1,-1,-1,-1,-1,-1,-1,-1,47,21,,-1,-1,-1,,-1,-1,-1,0.0,0.0,0.0,0.0,-1,-1,-1,-1
10,1745917335,-103,8,-1,-1,-1,-1,-1,-1,-1,-1,-1,-1,47,21,,-1,-1,-1,,-1,-1,-1,0.0,0.0,0.0,0.0,-1,-1,-1,-1
10,1745917340,-103,8,-1,-1,-1,-1,-1,-1,-1,-1,-1,-1,47,21,,-1,-1,-1,,-1,-1,-1,0.0,0.0,0.0,0.0,-1,-1,-1,-1
10,1745917345,-102,8,-1,-1,-1,-1,-1,-1,-1,-1,-1,-1,47,21,,-1,-1,-1,,-1,-1,-1,0.0,0.0,0.0,0.0,-1,-1,-1,-1
10,1745917350,-102,8,-1,-1,-1,-1,-1,-1,-1,-1,-1,-1,47,21,,-1,-1,-1,,-1,-1,-1,0.0,0.0,0.0,0.0,-1,-1,-1,-1
10,1745917355,-102,8,-1,-1,-1,-1,-1,-1,-1,-1,-1,-1,47,21,,-1,-1,-1,,-1,-1,-1,0.0,0.0,0.0,0.0,-1,-1,-1,-1
10,1745917360,-105,9,-1,-1,-1,-1,-1,-1,-1,-1,-1,-1,41,22,,-1,-1,-1,,-1,-1,-1,0.0,0.0,0.0,0.0,-1,-1,-1,-1
10,1745917365,-108,9,-1,-1,-1,-1,-1,-1,-1,-1,-1,-1,41,22,,-1,-1,-1,,-1,-1,-1,0.0,0.0,0.0,0.0,-1,-1,-1,-1
10,1745917370,-107,9,-1,-1,-1,-1,-1,-1,-1,-1,-1,-1,41,22,,-1,-1,-1,,-1,-1,-1,0.0,0.0,0.0,0.0,-1,-1,-1,-1
10,1745917375,-106,9,-1,-1,-1,-1,-1,-1,-1,-1,-1,-1,41,22,,-1,-1,-1,,-1,-1,-1,0.0,0.0,0.0,0.0,-1,-1,-1,-1
10,1745917380,-104,9,-1,-1,-1,-1,-1,-1,-1,-1,-1,-1,41,22,,-1,-1,-1,,-1,-1,-1,0.0,0.0,0.0,0.0,-1,-1,-1,-1
10,1745917385,-104,9,-1,-1,-1,-1,-1,-1,-1,-1,-1,-1,41,22,,-1,-1,-1,,-1,-1,-1,0.0,0.0,0.0,0.0,-1,-1,-1,-1
10,1745917390,-104,11,-1,-1,-1,-1,-1,-1,-1,-1,-1,-1,35,28,,-1,-1,-1,,-1,-1,-1,0.0,0.0,0.0,0.0,-1,-1,-1,-1
10,1745917395,-106,11,-1,-1,-1,-1,-1,-1,-1,-1,-1,-1,35,28,,-1,-1,-1,,-1,-1,-1,0.0,0.0,0.0,0.0,-1,-1,-1,-1
10,1745917400,-106,11,-1,-1,-1,-1,-1,-1,-1,-1,-1,-1,35,28,,-1,-1,-1,,-1,-1,-1,0.0,0.0,0.0,0.0,-1,-1,-1,-1
10,1745917405,-104,11,-1,-1,-1,-1,-1,-1,-1,-1,-1,-1,35,28,,-1,-1,-1,,-1,-1,-1,0.0,0.0,0.0,0.0,-1,-1,-1,-1
10,1745917410,-105,9,-1,-1,-1,-1,-1,-1,-1,-1,-1,-1,41,22,,-1,-1,-1,,-1,-1,-1,0.0,0.0,0.0,0.0,-1,-1,-1,-1
10,1745917415,-105,9,-1,-1,-1,-1,-1,-1,-1,-1,-1,-1,41,22,,-1,-1,-1,,-1,-1,-1,0.0,0.0,0.0,0.0,-1,-1,-1,-1
10,1745917420,-105,9,-1,-1,-1,-1,-1,-1,-1,-1,-1,-1,41,22,,-1,-1,-1,,-1,-1,-1,0.0,0.0,0.0,0.0,-1,-1,-1,-1
10,1745917425,-105,9,-1,-1,-1,-1,-1,-1,-1,-1,-1,-1,41,22,,-1,-1,-1,,-1,-1,-1,0.0,0.0,0.0,0.0,-1,-1,-1,-1
10,1745917430,-105,9,-1,-1,-1,-1,-1,-1,-1,-1,-1,-1,41,22,,-1,-1,-1,,-1,-1,-1,0.0,0.0,0.0,0.0,-1,-1,-1,-1
10,1745917435,-105,9,-1,-1,-1,-1,-1,-1,-1,-1,-1,-1,41,22,,-1,-1,-1,,-1,-1,-1,0.0,0.0,0.0,0.0,-1,-1,-1,-1
10,1745917440,-104,9,-1,-1,-1,-1,-1,-1,-1,-1,-1,-1,40,23,,-1,-1,-1,,-1,-1,-1,0.0,0.0,0.0,0.0,-1,-1,-1,-1
10,1745917445,-104,9,-1,-1,-1,-1,-1,-1,-1,-1,-1,-1,40,23,,-1,-1,-1,,-1,-1,-1,0.0,0.0,0.0,0.0,-1,-1,-1,-1
10,1745917450,-105,9,-1,-1,-1,-1,-1,-1,-1,-1,-1,-1,40,23,,-1,-1,-1,,-1,-1,-1,0.0,0.0,0.0,0.0,-1,-1,-1,-1
10,1745917455,-106,9,-1,-1,-1,-1,-1,-1,-1,-1,-1,-1,40,23,,-1,-1,-1,,-1,-1,-1,0.0,0.0,0.0,0.0,-1,-1,-1,-1
10,1745917460,-106,9,-1,-1,-1,-1,-1,-1,-1,-1,-1,-1,40,23,,-1,-1,-1,,-1,-1,-1,0.0,0.0,0.0,0.0,-1,-1,-1,-1
10,1745917465,-107,9,-1,-1,-1,-1,-1,-1,-1,-1,-1,-1,42,24,,-1,-1,-1,,-1,-1,-1,0.0,0.0,0.0,0.0,-1,-1,-1,-1
10,1745917470,-104,9,-1,-1,-1,-1,-1,-1,-1,-1,-1,-1,42,24,,-1,-1,-1,,-1,-1,-1,0.0,0.0,0.0,0.0,-1,-1,-1,-1
10,1745917475,-104,9,-1,-1,-1,-1,-1,-1,-1,-1,-1,-1,42,24,,-1,-1,-1,,-1,-1,-1,0.0,0.0,0.0,0.0,-1,-1,-1,-1
10,1745917480,-104,9,-1,-1,-1,-1,-1,-1,-1,-1,-1,-1,42,24,,-1,-1,-1,,-1,-1,-1,0.0,0.0,0.0,0.0,-1,-1,-1,-1
10,1745917503,-104,9,-1,-1,-1,-1,-1,-1,-1,-1,-1,-1,42,24,,-1,-1,-1,,-1,-1,-1,0.0,0.0,0.0,0.0,-1,-1,-1,-1
10,1745917508,-105,9,-1,-1,-1,-1,-1,-1,-1,-1,-1,-1,42,24,,-1,-1,-1,,-1,-1,-1,0.0,0.0,0.0,0.0,-1,-1,-1,-1
10,1745917513,-106,8,-1,-1,-1,-1,-1,-1,-1,-1,-1,-1,45,22,,-1,-1,-1,,-1,-1,-1,0.0,0.0,0.0,0.0,-1,-1,-1,-1
10,1745917518,-107,8,-1,-1,-1,-1,-1,-1,-1,-1,-1,-1,45,22,,-1,-1,-1,,-1,-1,-1,0.0,0.0,0.0,0.0,-1,-1,-1,-1
10,1745917523,-106,8,-1,-1,-1,-1,-1,-1,-1,-1,-1,-1,45,22,,-1,-1,-1,,-1,-1,-1,0.0,0.0,0.0,0.0,-1,-1,-1,-1
10,1745917528,-106,8,-1,-1,-1,-1,-1,-1,-1,-1,-1,-1,45,22,,-1,-1,-1,,-1,-1,-1,0.0,0.0,0.0,0.0,-1,-1,-1,-1
10,1745917533,-107,8,-1,-1,-1,-1,-1,-1,-1,-1,-1,-1,45,22,,-1,-1,-1,,-1,-1,-1,0.0,0.0,0.0,0.0,-1,-1,-1,-1
10,1745917538,-108,8,-1,-1,-1,-1,-1,-1,-1,-1,-1,-1,45,22,,-1,-1,-1,,-1,-1,-1,0.0,0.0,0.0,0.0,-1,-1,-1,-1
10,1745917543,-108,9,-1,-1,-1,-1,-1,-1,-1,-1,-1,-1,41,22,,-1,-1,-1,,-1,-1,-1,0.0,0.0,0.0,0.0,-1,-1,-1,-1
10,1745917548,-106,9,-1,-1,-1,-1,-1,-1,-1,-1,-1,-1,41,22,,-1,-1,-1,,-1,-1,-1,0.0,0.0,0.0,0.0,-1,-1,-1,-1
10,1745917553,-108,9,-1,-1,-1,-1,-1,-1,-1,-1,-1,-1,41,22,,-1,-1,-1,,-1,-1,-1,0.0,0.0,0.0,0.0,-1,-1,-1,-1
10,1745917558,-110,9,-1,-1,-1,-1,-1,-1,-1,-1,-1,-1,41,22,,-1,-1,-1,,-1,-1,-1,0.0,0.0,0.0,0.0,-1,-1,-1,-1
10,1745917563,-109,9,-1,-1,-1,-1,-1,-1,-1,-1,-1,-1,41,22,,-1,-1,-1,,-1,-1,-1,0.0,0.0,0.0,0.0,-1,-1,-1,-1
10,1745917568,-111,9,-1,-1,-1,-1,-1,-1,-1,-1,-1,-1,41,22,,-1,-1,-1,,-1,-1,-1,0.0,0.0,0.0,0.0,-1,-1,-1,-1
10,1745917573,-111,11,-1,-1,-1,-1,-1,-1,-1,-1,-1,-1,36,30,,-1,-1,-1,,-1,-1,-1,0.0,0.0,0.0,0.0,-1,-1,-1,-1
10,1745917578,-109,11,-1,-1,-1,-1,-1,-1,-1,-1,-1,-1,36,30,,-1,-1,-1,,-1,-1,-1,0.0,0.0,0.0,0.0,-1,-1,-1,-1
10,1745917583,-107,11,-1,-1,-1,-1,-1,-1,-1,-1,-1,-1,36,30,,-1,-1,-1,,-1,-1,-1,0.0,0.0,0.0,0.0,-1,-1,-1,-1
10,1745917588,-106,11,-1,-1,-1,-1,-1,-1,-1,-1,-1,-1,36,30,,-1,-1,-1,,-1,-1,-1,0.0,0.0,0.0,0.0,-1,-1,-1,-1
10,1745917593,-108,8,-1,-1,-1,-1,-1,-1,-1,-1,-1,-1,47,23,,-1,-1,-1,,-1,-1,-1,0.0,0.0,0.0,0.0,-1,-1,-1,-1
10,1745917598,-106,8,-1,-1,-1,-1,-1,-1,-1,-1,-1,-1,47,23,,-1,-1,-1,,-1,-1,-1,0.0,0.0,0.0,0.0,-1,-1,-1,-1
10,1745917603,-107,8,-1,-1,-1,-1,-1,-1,-1,-1,-1,-1,47,23,,-1,-1,-1,,-1,-1,-1,0.0,0.0,0.0,0.0,-1,-1,-1,-1
10,1745917608,-105,8,-1,-1,-1,-1,-1,-1,-1,-1,-1,-1,47,23,,-1,-1,-1,,-1,-1,-1,0.0,0.0,0.0,0.0,-1,-1,-1,-1
10,1745917613,-104,8,-1,-1,-1,-1,-1,-1,-1,-1,-1,-1,47,23,,-1,-1,-1,,-1,-1,-1,0.0,0.0,0.0,0.0,-1,-1,-1,-1
10,1745917618,-106,8,-1,-1,-1,-1,-1,-1,-1,-1,-1,-1,47,23,,-1,-1,-1,,-1,-1,-1,0.0,0.0,0.0,0.0,-1,-1,-1,-1
10,1745917623,-109,9,-1,-1,-1,-1,-1,-1,-1,-1,-1,-1,42,24,,-1,-1,-1,,-1,-1,-1,0.0,0.0,0.0,0.0,-1,-1,-1,-1
10,1745917628,-110,9,-1,-1,-1,-1,-1,-1,-1,-1,-1,-1,42,24,,-1,-1,-1,,-1,-1,-1,0.0,0.0,0.0,0.0,-1,-1,-1,-1
10,1745917633,-109,9,-1,-1,-1,-1,-1,-1,-1,-1,-1,-1,42,24,,-1,-1,-1,,-1,-1,-1,0.0,0.0,0.0,0.0,-1,-1,-1,-1
10,1745917638,-108,9,-1,-1,-1,-1,-1,-1,-1,-1,-1,-1,42,24,,-1,-1,-1,,-1,-1,-1,0.0,0.0,0.0,0.0,-1,-1,-1,-1
10,1745917643,-107,9,-1,-1,-1,-1,-1,-1,-1,-1,-1,-1,42,24,,-1,-1,-1,,-1,-1,-1,0.0,0.0,0.0,0.0,-1,-1,-1,-1
10,1745917648,-106,9,-1,-1,-1,-1,-1,-1,-1,-1,-1,-1,42,24,,-1,-1,-1,,-1,-1,-1,0.0,0.0,0.0,0.0,-1,-1,-1,-1
10,1745917653,-105,10,-1,-1,-1,-1,-1,-1,-1,-1,-1,-1,38,28,,-1,-1,-1,,-1,-1,-1,0.0,0.0,0.0,0.0,-1,-1,-1,-1
10,1745917658,-105,10,-1,-1,-1,-1,-1,-1,-1,-1,-1,-1,38,28,,-1,-1,-1,,-1,-1,-1,0.0,0.0,0.0,0.0,-1,-1,-1,-1
10,1745917663,-105,10,-1,-1,-1,-1,-1,-1,-1,-1,-1,-1,38,28,,-1,-1,-1,,-1,-1,-1,0.0,0.0,0.0,0.0,-1,-1,-1,-1
10,1745917668,-104,10,-1,-1,-1,-1,-1,-1,-1,-1,-1,-1,38,28,,-1,-1,-1,,-1,-1,-1,0.0,0.0,0.0,0.0,-1,-1,-1,-1
10,1745917673,-101,10,-1,-1,-1,-1,-1,-1,-1,-1,-1,-1,38,28,,-1,-1,-1,,-1,-1,-1,0.0,0.0,0.0,0.0,-1,-1,-1,-1
10,1745917678,-103,8,-1,-1,-1,-1,-1,-1,-1,-1,-1,-1,45,24,,-1,-1,-1,,-1,-1,-1,0.0,0.0,0.0,0.0,-1,-1,-1,-1
10,1745917683,-101,8,-1,-1,-1,-1,-1,-1,-1,-1,-1,-1,45,24,,-1,-1,-1,,-1,-1,-1,0.0,0.0,0.0,0.0,-1,-1,-1,-1
10,1745917688,-100,8,-1,-1,-1,-1,-1,-1,-1,-1,-1,-1,45,24,,-1,-1,-1,,-1,-1,-1,0.0,0.0,0.0,0.0,-1,-1,-1,-1
10,1745917693,-102,8,-1,-1,-1,-1,-1,-1,-1,-1,-1,-1,45,24,,-1,-1,-1,,-1,-1,-1,0.0,0.0,0.0,0.0,-1,-1,-1,-1
10,1745917698,-101,8,-1,-1,-1,-1,-1,-1,-1,-1,-1,-1,45,24,,-1,-1,-1,,-1,-1,-1,0.0,0.0,0.0,0.0,-1,-1,-1,-1
10,1745917703,-101,8,-1,-1,-1,-1,-1,-1,-1,-1,-1,-1,45,24,,-1,-1,-1,,-1,-1,-1,0.0,0.0,0.0,0.0,-1,-1,-1,-1
10,1745917708,-101,8,-1,-1,-1,-1,-1,-1,-1,-1,-1,-1,48,22,,-1,-1,-1,,-1,-1,-1,0.0,0.0,0.0,0.0,-1,-1,-1,-1
10,1745917713,-100,8,-1,-1,-1,-1,-1,-1,-1,-1,-1,-1,48,22,,-1,-1,-1,,-1,-1,-1,0.0,0.0,0.0,0.0,-1,-1,-1,-1
10,1745917718,-99,8,-1,-1,-1,-1,-1,-1,-1,-1,-1,-1,48,22,,-1,-1,-1,,-1,-1,-1,0.0,0.0,0.0,0.0,-1,-1,-1,-1
10,1745917723,-100,8,-1,-1,-1,-1,-1,-1,-1,-1,-1,-1,48,22,,-1,-1,-1,,-1,-1,-1,0.0,0.0,0.0,0.0,-1,-1,-1,-1
10,1745917728,-98,8,-1,-1,-1,-1,-1,-1,-1,-1,-1,-1,48,22,,-1,-1,-1,,-1,-1,-1,0.0,0.0,0.0,0.0,-1,-1,-1,-1
10,1745917733,-99,8,-1,-1,-1,-1,-1,-1,-1,-1,-1,-1,48,22,,-1,-1,-1,,-1,-1,-1,0.0,0.0,0.0,0.0,-1,-1,-1,-1
10,1745917738,-98,8,-1,-1,-1,-1,-1,-1,-1,-1,-1,-1,48,22,,-1,-1,-1,,-1,-1,-1,0.0,0.0,0.0,0.0,-1,-1,-1,-1
10,1745917756,-98,9,-1,-1,-1,-1,-1,-1,-1,-1,-1,-1,40,23,,-1,-1,-1,,-1,-1,-1,0.0,0.0,0.0,0.0,-1,-1,-1,-1
10,1745917761,-98,9,-1,-1,-1,-1,-1,-1,-1,-1,-1,-1,40,23,,-1,-1,-1,,-1,-1,-1,0.0,0.0,0.0,0.0,-1,-1,-1,-1
10,1745917766,-98,9,-1,-1,-1,-1,-1,-1,-1,-1,-1,-1,40,23,,-1,-1,-1,,-1,-1,-1,0.0,0.0,0.0,0.0,-1,-1,-1,-1
10,1745917771,-98,9,-1,-1,-1,-1,-1,-1,-1,-1,-1,-1,40,23,,-1,-1,-1,,-1,-1,-1,0.0,0.0,0.0,0.0,-1,-1,-1,-1
10,1745917776,-101,9,-1,-1,-1,-1,-1,-1,-1,-1,-1,-1,40,23,,-1,-1,-1,,-1,-1,-1,0.0,0.0,0.0,0.0,-1,-1,-1,-1
10,1745917781,-101,10,-1,-1,-1,-1,-1,-1,-1,-1,-1,-1,36,26,,-1,-1,-1,,-1,-1,-1,0.0,0.0,0.0,0.0,-1,-1,-1,-1
10,1745917786,-102,10,-1,-1,-1,-1,-1,-1,-1,-1,-1,-1,36,26,,-1,-1,-1,,-1,-1,-1,0.0,0.0,0.0,0.0,-1,-1,-1,-1
10,1745917791,-102,10,-1,-1,-1,-1,-1,-1,-1,-1,-1,-1,36,26,,-1,-1,-1,,-1,-1,-1,0.0,0.0,0.0,0.0,-1,-1,-1,-1
10,1745917796,-101,10,-1,-1,-1,-1,-1,-1,-1,-1,-1,-1,36,26,,-1,-1,-1,,-1,-1,-1,0.0,0.0,0.0,0.0,-1,-1,-1,-1
10,1745917801,-102,10,-1,-1,-1,-1,-1,-1,-1,-1,-1,-1,36,26,,-1,-1,-1,,-1,-1,-1,0.0,0.0,0.0,0.0,-1,-1,-1,-1
10,1745917806,-102,9,-1,-1,-1,-1,-1,-1,-1,-1,-1,-1,41,22,,-1,-1,-1,,-1,-1,-1,0.0,0.0,0.0,0.0,-1,-1,-1,-1
10,1745917811,-103,9,-1,-1,-1,-1,-1,-1,-1,-1,-1,-1,41,22,,-1,-1,-1,,-1,-1,-1,0.0,0.0,0.0,0.0,-1,-1,-1,-1
10,1745917816,-101,9,-1,-1,-1,-1,-1,-1,-1,-1,-1,-1,41,22,,-1,-1,-1,,-1,-1,-1,0.0,0.0,0.0,0.0,-1,-1,-1,-1
10,1745917821,-102,9,-1,-1,-1,-1,-1,-1,-1,-1,-1,-1,41,22,,-1,-1,-1,,-1,-1,-1,0.0,0.0,0.0,0.0,-1,-1,-1,-1
10,1745917826,-104,9,-1,-1,-1,-1,-1,-1,-1,-1,-1,-1,41,22,,-1,-1,-1,,-1,-1,-1,0.0,0.0,0.0,0.0,-1,-1,-1,-1
10,1745917831,-105,9,-1,-1,-1,-1,-1,-1,-1,-1,-1,-1,41,22,,-1,-1,-1,,-1,-1,-1,0.0,0.0,0.0,0.0,-1,-1,-1,-1
10,1745917836,-109,7,-1,-1,-1,-1,-1,-1,-1,-1,-1,-1,50,23,,-1,-1,-1,,-1,-1,-1,0.0,0.0,0.0,0.0,-1,-1,-1,-1
10,1745917841,-110,7,-1,-1,-1,-1,-1,-1,-1,-1,-1,-1,50,23,,-1,-1,-1,,-1,-1,-1,0.0,0.0,0.0,0.0,-1,-1,-1,-1
10,1745917846,-109,7,-1,-1,-1,-1,-1,-1,-1,-1,-1,-1,50,23,,-1,-1,-1,,-1,-1,-1,0.0,0.0,0.0,0.0,-1,-1,-1,-1
10,1745917851,-109,7,-1,-1,-1,-1,-1,-1,-1,-1,-1,-1,50,23,,-1,-1,-1,,-1,-1,-1,0.0,0.0,0.0,0.0,-1,-1,-1,-1
10,1745917856,-109,7,-1,-1,-1,-1,-1,-1,-1,-1,-1,-1,50,23,,-1,-1,-1,,-1,-1,-1,0.0,0.0,0.0,0.0,-1,-1,-1,-1
10,1745917861,-110,7,-1,-1,-1,-1,-1,-1,-1,-1,-1,-1,50,23,,-1,-1,-1,,-1,-1,-1,0.0,0.0,0.0,0.0,-1,-1,-1,-1
10,1745917866,-112,7,-1,-1,-1,-1,-1,-1,-1,-1,-1,-1,50,23,,-1,-1,-1,,-1,-1,-1,0.0,0.0,0.0,0.0,-1,-1,-1,-1
10,1745917871,-112,9,-1,-1,-1,-1,-1,-1,-1,-1,-1,-1,39,24,,-1,-1,-1,,-1,-1,-1,0.0,0.0,0.0,0.0,-1,-1,-1,-1
10,1745917876,-112,9,-1,-1,-1,-1,-1,-1,-1,-1,-1,-1,39,24,,-1,-1,-1,,-1,-1,-1,0.0,0.0,0.0,0.0,-1,-1,-1,-1
10,1745917881,-113,9,-1,-1,-1,-1,-1,-1,-1,-1,-1,-1,39,24,,-1,-1,-1,,-1,-1,-1,0.0,0.0,0.0,0.0,-1,-1,-1,-1
10,1745917886,-111,9,-1,-1,-1,-1,-1,-1,-1,-1,-1,-1,39,24,,-1,-1,-1,,-1,-1,-1,0.0,0.0,0.0,0.0,-1,-1,-1,-1
10,1745917891,-109,9,-1,-1,-1,-1,-1,-1,-1,-1,-1,-1,39,24,,-1,-1,-1,,-1,-1,-1,0.0,0.0,0.0,0.0,-1,-1,-1,-1
10,1745917896,-108,9,-1,-1,-1,-1,-1,-1,-1,-1,-1,-1,39,24,,-1,-1,-1,,-1,-1,-1,0.0,0.0,0.0,0.0,-1,-1,-1,-1
10,1745917901,-110,9,-1,-1,-1,-1,-1,-1,-1,-1,-1,-1,39,24,,-1,-1,-1,,-1,-1,-1,0.0,0.0,0.0,0.0,-1,-1,-1,-1
10,1745917906,-111,9,-1,-1,-1,-1,-1,-1,-1,-1,-1,-1,39,24,,-1,-1,-1,,-1,-1,-1,0.0,0.0,0.0,0.0,-1,-1,-1,-1
10,1745917911,-112,9,-1,-1,-1,-1,-1,-1,-1,-1,-1,-1,39,24,,-1,-1,-1,,-1,-1,-1,0.0,0.0,0.0,0.0,-1,-1,-1,-1
10,1745917916,-110,9,-1,-1,-1,-1,-1,-1,-1,-1,-1,-1,39,24,,-1,-1,-1,,-1,-1,-1,0.0,0.0,0.0,0.0,-1,-1,-1,-1
10,1745917921,-108,10,-1,-1,-1,-1,-1,-1,-1,-1,-1,-1,36,26,,-1,-1,-1,,-1,-1,-1,0.0,0.0,0.0,0.0,-1,-1,-1,-1
10,1745917926,-108,10,-1,-1,-1,-1,-1,-1,-1,-1,-1,-1,36,26,,-1,-1,-1,,-1,-1,-1,0.0,0.0,0.0,0.0,-1,-1,-1,-1
10,1745917931,-109,10,-1,-1,-1,-1,-1,-1,-1,-1,-1,-1,36,26,,-1,-1,-1,,-1,-1,-1,0.0,0.0,0.0,0.0,-1,-1,-1,-1
10,1745917936,-107,10,-1,-1,-1,-1,-1,-1,-1,-1,-1,-1,36,26,,-1,-1,-1,,-1,-1,-1,0.0,0.0,0.0,0.0,-1,-1,-1,-1
10,1745917941,-108,10,-1,-1,-1,-1,-1,-1,-1,-1,-1,-1,36,26,,-1,-1,-1,,-1,-1,-1,0.0,0.0,0.0,0.0,-1,-1,-1,-1
10,1745917946,-109,8,-1,-1,-1,-1,-1,-1,-1,-1,-1,-1,47,23,,-1,-1,-1,,-1,-1,-1,0.0,0.0,0.0,0.0,-1,-1,-1,-1
10,1745917951,-111,8,-1,-1,-1,-1,-1,-1,-1,-1,-1,-1,47,23,,-1,-1,-1,,-1,-1,-1,0.0,0.0,0.0,0.0,-1,-1,-1,-1
10,1745917956,-110,8,-1,-1,-1,-1,-1,-1,-1,-1,-1,-1,47,23,,-1,-1,-1,,-1,-1,-1,0.0,0.0,0.0,0.0,-1,-1,-1,-1
10,1745917961,-109,8,-1,-1,-1,-1,-1,-1,-1,-1,-1,-1,47,23,,-1,-1,-1,,-1,-1,-1,0.0,0.0,0.0,0.0,-1,-1,-1,-1
10,1745917966,-110,8,-1,-1,-1,-1,-1,-1,-1,-1,-1,-1,47,23,,-1,-1,-1,,-1,-1,-1,0.0,0.0,0.0,0.0,-1,-1,-1,-1
10,1745917971,-111,8,-1,-1,-1,-1,-1,-1,-1,-1,-1,-1,47,23,,-1,-1,-1,,-1,-1,-1,0.0,0.0,0.0,0.0,-1,-1,-1,-1
10,1745917976,-109,9,-1,-1,-1,-1,-1,-1,-1,-1,-1,-1,40,23,,-1,-1,-1,,-1,-1,-1,0.0,0.0,0.0,0.0,-1,-1,-1,-1
10,1745917981,-108,9,-1,-1,-1,-1,-1,-1,-1,-1,-1,-1,40,23,,-1,-1,-1,,-1,-1,-1,0.0,0.0,0.0,0.0,-1,-1,-1,-1
10,1745917986,-108,9,-1,-1,-1,-1,-1,-1,-1,-1,-1,-1,40,23,,-1,-1,-1,,-1,-1,-1,0.0,0.0,0.0,0.0,-1,-1,-1,-1
10,1745917991,-110,9,-1,-1,-1,-1,-1,-1,-1,-1,-1,-1,40,23,,-1,-1,-1,,-1,-1,-1,0.0,0.0,0.0,0.0,-1,-1,-1,-1
10,1745918011,-108,9,-1,-1,-1,-1,-1,-1,-1,-1,-1,-1,40,23,,-1,-1,-1,,-1,-1,-1,0.0,0.0,0.0,0.0,-1,-1,-1,-1
10,1745918016,-106,10,-1,-1,-1,-1,-1,-1,-1,-1,-1,-1,38,24,,-1,-1,-1,,-1,-1,-1,0.0,0.0,0.0,0.0,-1,-1,-1,-1
10,1745918021,-107,10,-1,-1,-1,-1,-1,-1,-1,-1,-1,-1,38,24,,-1,-1,-1,,-1,-1,-1,0.0,0.0,0.0,0.0,-1,-1,-1,-1
10,1745918026,-107,10,-1,-1,-1,-1,-1,-1,-1,-1,-1,-1,38,24,,-1,-1,-1,,-1,-1,-1,0.0,0.0,0.0,0.0,-1,-1,-1,-1
10,1745918031,-105,10,-1,-1,-1,-1,-1,-1,-1,-1,-1,-1,38,24,,-1,-1,-1,,-1,-1,-1,0.0,0.0,0.0,0.0,-1,-1,-1,-1
10,1745918036,-105,10,-1,-1,-1,-1,-1,-1,-1,-1,-1,-1,38,24,,-1,-1,-1,,-1,-1,-1,0.0,0.0,0.0,0.0,-1,-1,-1,-1
10,1745918041,-104,10,-1,-1,-1,-1,-1,-1,-1,-1,-1,-1,38,24,,-1,-1,-1,,-1,-1,-1,0.0,0.0,0.0,0.0,-1,-1,-1,-1
10,1745918046,-105,10,-1,-1,-1,-1,-1,-1,-1,-1,-1,-1,38,24,,-1,-1,-1,,-1,-1,-1,0.0,0.0,0.0,0.0,-1,-1,-1,-1
10,1745918051,-105,10,-1,-1,-1,-1,-1,-1,-1,-1,-1,-1,38,24,,-1,-1,-1,,-1,-1,-1,0.0,0.0,0.0,0.0,-1,-1,-1,-1
10,1745918056,-104,10,-1,-1,-1,-1,-1,-1,-1,-1,-1,-1,38,24,,-1,-1,-1,,-1,-1,-1,0.0,0.0,0.0,0.0,-1,-1,-1,-1
10,1745918061,-104,10,-1,-1,-1,-1,-1,-1,-1,-1,-1,-1,38,24,,-1,-1,-1,,-1,-1,-1,0.0,0.0,0.0,0.0,-1,-1,-1,-1
10,1745918066,-103,9,-1,-1,-1,-1,-1,-1,-1,-1,-1,-1,44,25,,-1,-1,-1,,-1,-1,-1,0.0,0.0,0.0,0.0,-1,-1,-1,-1
10,1745918071,-103,9,-1,-1,-1,-1,-1,-1,-1,-1,-1,-1,44,25,,-1,-1,-1,,-1,-1,-1,0.0,0.0,0.0,0.0,-1,-1,-1,-1
10,1745918076,-104,9,-1,-1,-1,-1,-1,-1,-1,-1,-1,-1,44,25,,-1,-1,-1,,-1,-1,-1,0.0,0.0,0.0,0.0,-1,-1,-1,-1
10,1745918081,-103,9,-1,-1,-1,-1,-1,-1,-1,-1,-1,-1,44,25,,-1,-1,-1,,-1,-1,-1,0.0,0.0,0.0,0.0,-1,-1,-1,-1
10,1745918086,-103,9,-1,-1,-1,-1,-1,-1,-1,-1,-1,-1,44,25,,-1,-1,-1,,-1,-1,-1,0.0,0.0,0.0,0.0,-1,-1,-1,-1
10,1745918091,-101,9,-1,-1,-1,-1,-1,-1,-1,-1,-1,-1,44,25,,-1,-1,-1,,-1,-1,-1,0.0,0.0,0.0,0.0,-1,-1,-1,-1
10,1745918096,-106,9,-1,-1,-1,-1,-1,-1,-1,-1,-1,-1,44,25,,-1,-1,-1,,-1,-1,-1,0.0,0.0,0.0,0.0,-1,-1,-1,-1
10,1745918101,-103,9,-1,-1,-1,-1,-1,-1,-1,-1,-1,-1,44,25,,-1,-1,-1,,-1,-1,-1,0.0,0.0,0.0,0.0,-1,-1,-1,-1
10,1745918106,-105,9,-1,-1,-1,-1,-1,-1,-1,-1,-1,-1,44,25,,-1,-1,-1,,-1,-1,-1,0.0,0.0,0.0,0.0,-1,-1,-1,-1
10,1745918111,-102,9,-1,-1,-1,-1,-1,-1,-1,-1,-1,-1,44,25,,-1,-1,-1,,-1,-1,-1,0.0,0.0,0.0,0.0,-1,-1,-1,-1
10,1745918116,-102,9,-1,-1,-1,-1,-1,-1,-1,-1,-1,-1,44,25,,-1,-1,-1,,-1,-1,-1,0.0,0.0,0.0,0.0,-1,-1,-1,-1
10,1745918121,-103,9,-1,-1,-1,-1,-1,-1,-1,-1,-1,-1,44,25,,-1,-1,-1,,-1,-1,-1,0.0,0.0,0.0,0.0,-1,-1,-1,-1
10,1745918126,-104,9,-1,-1,-1,-1,-1,-1,-1,-1,-1,-1,42,24,,-1,-1,-1,,-1,-1,-1,0.0,0.0,0.0,0.0,-1,-1,-1,-1
10,1745918131,-106,9,-1,-1,-1,-1,-1,-1,-1,-1,-1,-1,42,24,,-1,-1,-1,,-1,-1,-1,0.0,0.0,0.0,0.0,-1,-1,-1,-1
10,1745918136,-104,9,-1,-1,-1,-1,-1,-1,-1,-1,-1,-1,42,24,,-1,-1,-1,,-1,-1,-1,0.0,0.0,0.0,0.0,-1,-1,-1,-1
10,1745918141,-105,9,-1,-1,-1,-1,-1,-1,-1,-1,-1,-1,42,24,,-1,-1,-1,,-1,-1,-1,0.0,0.0,0.0,0.0,-1,-1,-1,-1
10,1745918146,-107,9,-1,-1,-1,-1,-1,-1,-1,-1,-1,-1,42,24,,-1,-1,-1,,-1,-1,-1,0.0,0.0,0.0,0.0,-1,-1,-1,-1
10,1745918151,-108,9,-1,-1,-1,-1,-1,-1,-1,-1,-1,-1,42,24,,-1,-1,-1,,-1,-1,-1,0.0,0.0,0.0,0.0,-1,-1,-1,-1
10,1745918156,-108,8,-1,-1,-1,-1,-1,-1,-1,-1,-1,-1,49,24,,-1,-1,-1,,-1,-1,-1,0.0,0.0,0.0,0.0,-1,-1,-1,-1
10,1745918161,-107,8,-1,-1,-1,-1,-1,-1,-1,-1,-1,-1,49,24,,-1,-1,-1,,-1,-1,-1,0.0,0.0,0.0,0.0,-1,-1,-1,-1
10,1745918166,-107,8,-1,-1,-1,-1,-1,-1,-1,-1,-1,-1,49,24,,-1,-1,-1,,-1,-1,-1,0.0,0.0,0.0,0.0,-1,-1,-1,-1
10,1745918171,-107,8,-1,-1,-1,-1,-1,-1,-1,-1,-1,-1,49,24,,-1,-1,-1,,-1,-1,-1,0.0,0.0,0.0,0.0,-1,-1,-1,-1
10,1745918176,-108,8,-1,-1,-1,-1,-1,-1,-1,-1,-1,-1,49,24,,-1,-1,-1,,-1,-1,-1,0.0,0.0,0.0,0.0,-1,-1,-1,-1
10,1745918181,-108,8,-1,-1,-1,-1,-1,-1,-1,-1,-1,-1,49,24,,-1,-1,-1,,-1,-1,-1,0.0,0.0,0.0,0.0,-1,-1,-1,-1
10,1745918186,-109,8,-1,-1,-1,-1,-1,-1,-1,-1,-1,-1,49,24,,-1,-1,-1,,-1,-1,-1,0.0,0.0,0.0,0.0,-1,-1,-1,-1
10,1745918191,-109,9,-1,-1,-1,-1,-1,-1,-1,-1,-1,-1,43,23,,-1,-1,-1,,-1,-1,-1,0.0,0.0,0.0,0.0,-1,-1,-1,-1
10,1745918196,-106,9,-1,-1,-1,-1,-1,-1,-1,-1,-1,-1,43,23,,-1,-1,-1,,-1,-1,-1,0.0,0.0,0.0,0.0,-1,-1,-1,-1
10,1745918201,-107,9,-1,-1,-1,-1,-1,-1,-1,-1,-1,-1,43,23,,-1,-1,-1,,-1,-1,-1,0.0,0.0,0.0,0.0,-1,-1,-1,-1
10,1745918206,-106,9,-1,-1,-1,-1,-1,-1,-1,-1,-1,-1,43,23,,-1,-1,-1,,-1,-1,-1,0.0,0.0,0.0,0.0,-1,-1,-1,-1
10,1745918211,-107,9,-1,-1,-1,-1,-1,-1,-1,-1,-1,-1,43,23,,-1,-1,-1,,-1,-1,-1,0.0,0.0,0.0,0.0,-1,-1,-1,-1
10,1745918216,-109,9,-1,-1,-1,-1,-1,-1,-1,-1,-1,-1,43,23,,-1,-1,-1,,-1,-1,-1,0.0,0.0,0.0,0.0,-1,-1,-1,-1
10,1745918221,-109,10,-1,-1,-1,-1,-1,-1,-1,-1,-1,-1,39,27,,-1,-1,-1,,-1,-1,-1,0.0,0.0,0.0,0.0,-1,-1,-1,-1
10,1745918226,-106,10,-1,-1,-1,-1,-1,-1,-1,-1,-1,-1,39,27,,-1,-1,-1,,-1,-1,-1,0.0,0.0,0.0,0.0,-1,-1,-1,-1
10,1745918231,-107,10,-1,-1,-1,-1,-1,-1,-1,-1,-1,-1,39,27,,-1,-1,-1,,-1,-1,-1,0.0,0.0,0.0,0.0,-1,-1,-1,-1
10,1745918236,-109,10,-1,-1,-1,-1,-1,-1,-1,-1,-1,-1,39,27,,-1,-1,-1,,-1,-1,-1,0.0,0.0,0.0,0.0,-1,-1,-1,-1
10,1745918241,-112,10,-1,-1,-1,-1,-1,-1,-1,-1,-1,-1,39,27,,-1,-1,-1,,-1,-1,-1,0.0,0.0,0.0,0.0,-1,-1,-1,-1
10,1745918246,-112,7,-1,-1,-1,-1,-1,-1,-1,-1,-1,-1,49,19,,-1,-1,-1,,-1,-1,-1,0.0,0.0,0.0,0.0,-1,-1,-1,-1
10,1745918272,-113,7,-1,-1,-1,-1,-1,-1,-1,-1,-1,-1,49,19,,-1,-1,-1,,-1,-1,-1,0.0,0.0,0.0,0.0,-1,-1,-1,-1
10,1745918277,-112,7,-1,-1,-1,-1,-1,-1,-1,-1,-1,-1,49,19,,-1,-1,-1,,-1,-1,-1,0.0,0.0,0.0,0.0,-1,-1,-1,-1
10,1745918282,-110,7,-1,-1,-1,-1,-1,-1,-1,-1,-1,-1,49,19,,-1,-1,-1,,-1,-1,-1,0.0,0.0,0.0,0.0,-1,-1,-1,-1
10,1745918287,-110,7,-1,-1,-1,-1,-1,-1,-1,-1,-1,-1,49,19,,-1,-1,-1,,-1,-1,-1,0.0,0.0,0.0,0.0,-1,-1,-1,-1
10,1745918292,-110,7,-1,-1,-1,-1,-1,-1,-1,-1,-1,-1,49,19,,-1,-1,-1,,-1,-1,-1,0.0,0.0,0.0,0.0,-1,-1,-1,-1
10,1745918297,-111,7,-1,-1,-1,-1,-1,-1,-1,-1,-1,-1,49,19,,-1,-1,-1,,-1,-1,-1,0.0,0.0,0.0,0.0,-1,-1,-1,-1
10,1745918302,-111,9,-1,-1,-1,-1,-1,-1,-1,-1,-1,-1,42,24,,-1,-1,-1,,-1,-1,-1,0.0,0.0,0.0,0.0,-1,-1,-1,-1
10,1745918307,-110,9,-1,-1,-1,-1,-1,-1,-1,-1,-1,-1,42,24,,-1,-1,-1,,-1,-1,-1,0.0,0.0,0.0,0.0,-1,-1,-1,-1
10,1745918312,-111,9,-1,-1,-1,-1,-1,-1,-1,-1,-1,-1,42,24,,-1,-1,-1,,-1,-1,-1,0.0,0.0,0.0,0.0,-1,-1,-1,-1
10,1745918317,-111,9,-1,-1,-1,-1,-1,-1,-1,-1,-1,-1,42,24,,-1,-1,-1,,-1,-1,-1,0.0,0.0,0.0,0.0,-1,-1,-1,-1
10,1745918322,-111,9,-1,-1,-1,-1,-1,-1,-1,-1,-1,-1,42,24,,-1,-1,-1,,-1,-1,-1,0.0,0.0,0.0,0.0,-1,-1,-1,-1
10,1745918327,-111,9,-1,-1,-1,-1,-1,-1,-1,-1,-1,-1,42,24,,-1,-1,-1,,-1,-1,-1,0.0,0.0,0.0,0.0,-1,-1,-1,-1
10,1745918332,-110,9,-1,-1,-1,-1,-1,-1,-1,-1,-1,-1,42,24,,-1,-1,-1,,-1,-1,-1,0.0,0.0,0.0,0.0,-1,-1,-1,-1
10,1745918337,-107,9,-1,-1,-1,-1,-1,-1,-1,-1,-1,-1,42,24,,-1,-1,-1,,-1,-1,-1,0.0,0.0,0.0,0.0,-1,-1,-1,-1
10,1745918342,-109,9,-1,-1,-1,-1,-1,-1,-1,-1,-1,-1,42,24,,-1,-1,-1,,-1,-1,-1,0.0,0.0,0.0,0.0,-1,-1,-1,-1
10,1745918347,-111,9,-1,-1,-1,-1,-1,-1,-1,-1,-1,-1,42,24,,-1,-1,-1,,-1,-1,-1,0.0,0.0,0.0,0.0,-1,-1,-1,-1
10,1745918352,-111,9,-1,-1,-1,-1,-1,-1,-1,-1,-1,-1,42,24,,-1,-1,-1,,-1,-1,-1,0.0,0.0,0.0,0.0,-1,-1,-1,-1
10,1745918357,-110,9,-1,-1,-1,-1,-1,-1,-1,-1,-1,-1,42,24,,-1,-1,-1,,-1,-1,-1,0.0,0.0,0.0,0.0,-1,-1,-1,-1
10,1745918362,-110,10,-1,-1,-1,-1,-1,-1,-1,-1,-1,-1,38,28,,-1,-1,-1,,-1,-1,-1,0.0,0.0,0.0,0.0,-1,-1,-1,-1
10,1745918367,-111,10,-1,-1,-1,-1,-1,-1,-1,-1,-1,-1,38,28,,-1,-1,-1,,-1,-1,-1,0.0,0.0,0.0,0.0,-1,-1,-1,-1
10,1745918372,-112,10,-1,-1,-1,-1,-1,-1,-1,-1,-1,-1,38,28,,-1,-1,-1,,-1,-1,-1,0.0,0.0,0.0,0.0,-1,-1,-1,-1
10,1745918377,-111,10,-1,-1,-1,-1,-1,-1,-1,-1,-1,-1,38,28,,-1,-1,-1,,-1,-1,-1,0.0,0.0,0.0,0.0,-1,-1,-1,-1
10,1745918382,-110,10,-1,-1,-1,-1,-1,-1,-1,-1,-1,-1,38,28,,-1,-1,-1,,-1,-1,-1,0.0,0.0,0.0,0.0,-1,-1,-1,-1
10,1745918387,-110,9,-1,-1,-1,-1,-1,-1,-1,-1,-1,-1,42,24,,-1,-1,-1,,-1,-1,-1,0.0,0.0,0.0,0.0,-1,-1,-1,-1
10,1745918392,-110,9,-1,-1,-1,-1,-1,-1,-1,-1,-1,-1,42,24,,-1,-1,-1,,-1,-1,-1,0.0,0.0,0.0,0.0,-1,-1,-1,-1
10,1745918397,-110,9,-1,-1,-1,-1,-1,-1,-1,-1,-1,-1,42,24,,-1,-1,-1,,-1,-1,-1,0.0,0.0,0.0,0.0,-1,-1,-1,-1
10,1745918402,-110,9,-1,-1,-1,-1,-1,-1,-1,-1,-1,-1,42,24,,-1,-1,-1,,-1,-1,-1,0.0,0.0,0.0,0.0,-1,-1,-1,-1
10,1745918407,-110,9,-1,-1,-1,-1,-1,-1,-1,-1,-1,-1,42,24,,-1,-1,-1,,-1,-1,-1,0.0,0.0,0.0,0.0,-1,-1,-1,-1
10,1745918412,-112,9,-1,-1,-1,-1,-1,-1,-1,-1,-1,-1,42,24,,-1,-1,-1,,-1,-1,-1,0.0,0.0,0.0,0.0,-1,-1,-1,-1
10,1745918417,-113,9,-1,-1,-1,-1,-1,-1,-1,-1,-1,-1,40,26,,-1,-1,-1,,-1,-1,-1,0.0,0.0,0.0,0.0,-1,-1,-1,-1
10,1745918422,-114,9,-1,-1,-1,-1,-1,-1,-1,-1,-1,-1,40,26,,-1,-1,-1,,-1,-1,-1,0.0,0.0,0.0,0.0,-1,-1,-1,-1
10,1745918427,-115,9,-1,-1,-1,-1,-1,-1,-1,-1,-1,-1,40,26,,-1,-1,-1,,-1,-1,-1,0.0,0.0,0.0,0.0,-1,-1,-1,-1
10,1745918432,-117,9,-1,-1,-1,-1,-1,-1,-1,-1,-1,-1,40,26,,-1,-1,-1,,-1,-1,-1,0.0,0.0,0.0,0.0,-1,-1,-1,-1
10,1745918437,-115,9,-1,-1,-1,-1,-1,-1,-1,-1,-1,-1,40,26,,-1,-1,-1,,-1,-1,-1,0.0,0.0,0.0,0.0,-1,-1,-1,-1
10,1745918442,-116,9,-1,-1,-1,-1,-1,-1,-1,-1,-1,-1,41,25,,-1,-1,-1,,-1,-1,-1,0.0,0.0,0.0,0.0,-1,-1,-1,-1
10,1745918447,-115,9,-1,-1,-1,-1,-1,-1,-1,-1,-1,-1,41,25,,-1,-1,-1,,-1,-1,-1,0.0,0.0,0.0,0.0,-1,-1,-1,-1
10,1745918452,-115,9,-1,-1,-1,-1,-1,-1,-1,-1,-1,-1,41,25,,-1,-1,-1,,-1,-1,-1,0.0,0.0,0.0,0.0,-1,-1,-1,-1
10,1745918457,-116,9,-1,-1,-1,-1,-1,-1,-1,-1,-1,-1,41,25,,-1,-1,-1,,-1,-1,-1,0.0,0.0,0.0,0.0,-1,-1,-1,-1
10,1745918462,-114,9,-1,-1,-1,-1,-1,-1,-1,-1,-1,-1,41,25,,-1,-1,-1,,-1,-1,-1,0.0,0.0,0.0,0.0,-1,-1,-1,-1
10,1745918467,-114,8,-1,-1,-1,-1,-1,-1,-1,-1,-1,-1,46,21,,-1,-1,-1,,-1,-1,-1,0.0,0.0,0.0,0.0,-1,-1,-1,-1
10,1745918472,-112,8,-1,-1,-1,-1,-1,-1,-1,-1,-1,-1,46,21,,-1,-1,-1,,-1,-1,-1,0.0,0.0,0.0,0.0,-1,-1,-1,-1
10,1745918477,-112,8,-1,-1,-1,-1,-1,-1,-1,-1,-1,-1,46,21,,-1,-1,-1,,-1,-1,-1,0.0,0.0,0.0,0.0,-1,-1,-1,-1
10,1745918482,-113,8,-1,-1,-1,-1,-1,-1,-1,-1,-1,-1,46,21,,-1,-1,-1,,-1,-1,-1,0.0,0.0,0.0,0.0,-1,-1,-1,-1
10,1745918487,-110,8,-1,-1,-1,-1,-1,-1,-1,-1,-1,-1,46,21,,-1,-1,-1,,-1,-1,-1,0.0,0.0,0.0,0.0,-1,-1,-1,-1
10,1745918492,-112,8,-1,-1,-1,-1,-1,-1,-1,-1,-1,-1,46,21,,-1,-1,-1,,-1,-1,-1,0.0,0.0,0.0,0.0,-1,-1,-1,-1
10,1745918497,-112,9,-1,-1,-1,-1,-1,-1,-1,-1,-1,-1,42,24,,-1,-1,-1,,-1,-1,-1,0.0,0.0,0.0,0.0,-1,-1,-1,-1
10,1745918502,-110,9,-1,-1,-1,-1,-1,-1,-1,-1,-1,-1,42,24,,-1,-1,-1,,-1,-1,-1,0.0,0.0,0.0,0.0,-1,-1,-1,-1
10,1745918507,-111,9,-1,-1,-1,-1,-1,-1,-1,-1,-1,-1,42,24,,-1,-1,-1,,-1,-1,-1,0.0,0.0,0.0,0.0,-1,-1,-1,-1
10,1745918519,-110,9,-1,-1,-1,-1,-1,-1,-1,-1,-1,-1,42,24,,-1,-1,-1,,-1,-1,-1,0.0,0.0,0.0,0.0,-1,-1,-1,-1
10,1745918524,-112,9,-1,-1,-1,-1,-1,-1,-1,-1,-1,-1,42,24,,-1,-1,-1,,-1,-1,-1,0.0,0.0,0.0,0.0,-1,-1,-1,-1
10,1745918529,-112,9,-1,-1,-1,-1,-1,-1,-1,-1,-1,-1,42,24,,-1,-1,-1,,-1,-1,-1,0.0,0.0,0.0,0.0,-1,-1,-1,-1
10,1745918534,-111,9,-1,-1,-1,-1,-1,-1,-1,-1,-1,-1,42,24,,-1,-1,-1,,-1,-1,-1,0.0,0.0,0.0,0.0,-1,-1,-1,-1
10,1745918539,-111,9,-1,-1,-1,-1,-1,-1,-1,-1,-1,-1,42,24,,-1,-1,-1,,-1,-1,-1,0.0,0.0,0.0,0.0,-1,-1,-1,-1
10,1745918544,-111,9,-1,-1,-1,-1,-1,-1,-1,-1,-1,-1,42,24,,-1,-1,-1,,-1,-1,-1,0.0,0.0,0.0,0.0,-1,-1,-1,-1
10,1745918549,-110,9,-1,-1,-1,-1,-1,-1,-1,-1,-1,-1,42,24,,-1,-1,-1,,-1,-1,-1,0.0,0.0,0.0,0.0,-1,-1,-1,-1
10,1745918554,-109,9,-1,-1,-1,-1,-1,-1,-1,-1,-1,-1,42,24,,-1,-1,-1,,-1,-1,-1,0.0,0.0,0.0,0.0,-1,-1,-1,-1
10,1745918559,-111,9,-1,-1,-1,-1,-1,-1,-1,-1,-1,-1,42,24,,-1,-1,-1,,-1,-1,-1,0.0,0.0,0.0,0.0,-1,-1,-1,-1
10,1745918564,-108,9,-1,-1,-1,-1,-1,-1,-1,-1,-1,-1,43,23,,-1,-1,-1,,-1,-1,-1,0.0,0.0,0.0,0.0,-1,-1,-1,-1
10,1745918569,-107,9,-1,-1,-1,-1,-1,-1,-1,-1,-1,-1,43,23,,-1,-1,-1,,-1,-1,-1,0.0,0.0,0.0,0.0,-1,-1,-1,-1
10,1745918574,-109,9,-1,-1,-1,-1,-1,-1,-1,-1,-1,-1,43,23,,-1,-1,-1,,-1,-1,-1,0.0,0.0,0.0,0.0,-1,-1,-1,-1
10,1745918579,-108,9,-1,-1,-1,-1,-1,-1,-1,-1,-1,-1,43,23,,-1,-1,-1,,-1,-1,-1,0.0,0.0,0.0,0.0,-1,-1,-1,-1
10,1745918584,-109,9,-1,-1,-1,-1,-1,-1,-1,-1,-1,-1,43,23,,-1,-1,-1,,-1,-1,-1,0.0,0.0,0.0,0.0,-1,-1,-1,-1
10,1745918589,-106,9,-1,-1,-1,-1,-1,-1,-1,-1,-1,-1,43,23,,-1,-1,-1,,-1,-1,-1,0.0,0.0,0.0,0.0,-1,-1,-1,-1
10,1745918594,-107,9,-1,-1,-1,-1,-1,-1,-1,-1,-1,-1,42,24,,-1,-1,-1,,-1,-1,-1,0.0,0.0,0.0,0.0,-1,-1,-1,-1
10,1745918599,-109,9,-1,-1,-1,-1,-1,-1,-1,-1,-1,-1,42,24,,-1,-1,-1,,-1,-1,-1,0.0,0.0,0.0,0.0,-1,-1,-1,-1
10,1745918604,-108,9,-1,-1,-1,-1,-1,-1,-1,-1,-1,-1,42,24,,-1,-1,-1,,-1,-1,-1,0.0,0.0,0.0,0.0,-1,-1,-1,-1
10,1745918609,-111,9,-1,-1,-1,-1,-1,-1,-1,-1,-1,-1,42,24,,-1,-1,-1,,-1,-1,-1,0.0,0.0,0.0,0.0,-1,-1,-1,-1
10,1745918614,-114,9,-1,-1,-1,-1,-1,-1,-1,-1,-1,-1,42,24,,-1,-1,-1,,-1,-1,-1,0.0,0.0,0.0,0.0,-1,-1,-1,-1
10,1745918619,-114,9,-1,-1,-1,-1,-1,-1,-1,-1,-1,-1,42,24,,-1,-1,-1,,-1,-1,-1,0.0,0.0,0.0,0.0,-1,-1,-1,-1
10,1745918624,-114,10,-1,-1,-1,-1,-1,-1,-1,-1,-1,-1,39,27,,-1,-1,-1,,-1,-1,-1,0.0,0.0,0.0,0.0,-1,-1,-1,-1
10,1745918629,-114,10,-1,-1,-1,-1,-1,-1,-1,-1,-1,-1,39,27,,-1,-1,-1,,-1,-1,-1,0.0,0.0,0.0,0.0,-1,-1,-1,-1
10,1745918634,-112,10,-1,-1,-1,-1,-1,-1,-1,-1,-1,-1,39,27,,-1,-1,-1,,-1,-1,-1,0.0,0.0,0.0,0.0,-1,-1,-1,-1
10,1745918639,-111,10,-1,-1,-1,-1,-1,-1,-1,-1,-1,-1,39,27,,-1,-1,-1,,-1,-1,-1,0.0,0.0,0.0,0.0,-1,-1,-1,-1
10,1745918644,-111,10,-1,-1,-1,-1,-1,-1,-1,-1,-1,-1,39,27,,-1,-1,-1,,-1,-1,-1,0.0,0.0,0.0,0.0,-1,-1,-1,-1
10,1745918649,-113,8,-1,-1,-1,-1,-1,-1,-1,-1,-1,-1,46,24,,-1,-1,-1,,-1,-1,-1,0.0,0.0,0.0,0.0,-1,-1,-1,-1
10,1745918654,-111,8,-1,-1,-1,-1,-1,-1,-1,-1,-1,-1,46,24,,-1,-1,-1,,-1,-1,-1,0.0,0.0,0.0,0.0,-1,-1,-1,-1
10,1745918659,-111,8,-1,-1,-1,-1,-1,-1,-1,-1,-1,-1,46,24,,-1,-1,-1,,-1,-1,-1,0.0,0.0,0.0,0.0,-1,-1,-1,-1
10,1745918664,-111,8,-1,-1,-1,-1,-1,-1,-1,-1,-1,-1,46,24,,-1,-1,-1,,-1,-1,-1,0.0,0.0,0.0,0.0,-1,-1,-1,-1
10,1745918669,-112,8,-1,-1,-1,-1,-1,-1,-1,-1,-1,-1,46,24,,-1,-1,-1,,-1,-1,-1,0.0,0.0,0.0,0.0,-1,-1,-1,-1
10,1745918674,-111,8,-1,-1,-1,-1,-1,-1,-1,-1,-1,-1,46,24,,-1,-1,-1,,-1,-1,-1,0.0,0.0,0.0,0.0,-1,-1,-1,-1
10,1745918679,-109,10,-1,-1,-1,-1,-1,-1,-1,-1,-1,-1,38,28,,-1,-1,-1,,-1,-1,-1,0.0,0.0,0.0,0.0,-1,-1,-1,-1
10,1745918684,-111,10,-1,-1,-1,-1,-1,-1,-1,-1,-1,-1,38,28,,-1,-1,-1,,-1,-1,-1,0.0,0.0,0.0,0.0,-1,-1,-1,-1
10,1745918689,-109,10,-1,-1,-1,-1,-1,-1,-1,-1,-1,-1,38,28,,-1,-1,-1,,-1,-1,-1,0.0,0.0,0.0,0.0,-1,-1,-1,-1
10,1745918694,-110,10,-1,-1,-1,-1,-1,-1,-1,-1,-1,-1,38,28,,-1,-1,-1,,-1,-1,-1,0.0,0.0,0.0,0.0,-1,-1,-1,-1
10,1745918699,-109,10,-1,-1,-1,-1,-1,-1,-1,-1,-1,-1,38,28,,-1,-1,-1,,-1,-1,-1,0.0,0.0,0.0,0.0,-1,-1,-1,-1
10,1745918704,-108,9,-1,-1,-1,-1,-1,-1,-1,-1,-1,-1,43,26,,-1,-1,-1,,-1,-1,-1,0.0,0.0,0.0,0.0,-1,-1,-1,-1
10,1745918709,-108,9,-1,-1,-1,-1,-1,-1,-1,-1,-1,-1,43,26,,-1,-1,-1,,-1,-1,-1,0.0,0.0,0.0,0.0,-1,-1,-1,-1
10,1745918714,-109,9,-1,-1,-1,-1,-1,-1,-1,-1,-1,-1,43,26,,-1,-1,-1,,-1,-1,-1,0.0,0.0,0.0,0.0,-1,-1,-1,-1
10,1745918719,-110,9,-1,-1,-1,-1,-1,-1,-1,-1,-1,-1,43,26,,-1,-1,-1,,-1,-1,-1,0.0,0.0,0.0,0.0,-1,-1,-1,-1
10,1745918724,-111,9,-1,-1,-1,-1,-1,-1,-1,-1,-1,-1,43,26,,-1,-1,-1,,-1,-1,-1,0.0,0.0,0.0,0.0,-1,-1,-1,-1
10,1745918729,-112,9,-1,-1,-1,-1,-1,-1,-1,-1,-1,-1,43,26,,-1,-1,-1,,-1,-1,-1,0.0,0.0,0.0,0.0,-1,-1,-1,-1
10,1745918734,-111,9,-1,-1,-1,-1,-1,-1,-1,-1,-1,-1,41,25,,-1,-1,-1,,-1,-1,-1,0.0,0.0,0.0,0.0,-1,-1,-1,-1
10,1745918739,-110,9,-1,-1,-1,-1,-1,-1,-1,-1,-1,-1,41,25,,-1,-1,-1,,-1,-1,-1,0.0,0.0,0.0,0.0,-1,-1,-1,-1
10,1745918744,-110,9,-1,-1,-1,-1,-1,-1,-1,-1,-1,-1,41,25,,-1,-1,-1,,-1,-1,-1,0.0,0.0,0.0,0.0,-1,-1,-1,-1
10,1745918749,-109,9,-1,-1,-1,-1,-1,-1,-1,-1,-1,-1,41,25,,-1,-1,-1,,-1,-1,-1,0.0,0.0,0.0,0.0,-1,-1,-1,-1
10,1745918754,-111,9,-1,-1,-1,-1,-1,-1,-1,-1,-1,-1,41,25,,-1,-1,-1,,-1,-1,-1,0.0,0.0,0.0,0.0,-1,-1,-1,-1
10,1745918774,-111,8,-1,-1,-1,-1,-1,-1,-1,-1,-1,-1,48,25,,-1,-1,-1,,-1,-1,-1,0.0,0.0,0.0,0.0,-1,-1,-1,-1
10,1745918779,-111,8,-1,-1,-1,-1,-1,-1,-1,-1,-1,-1,48,25,,-1,-1,-1,,-1,-1,-1,0.0,0.0,0.0,0.0,-1,-1,-1,-1
10,1745918784,-111,8,-1,-1,-1,-1,-1,-1,-1,-1,-1,-1,48,25,,-1,-1,-1,,-1,-1,-1,0.0,0.0,0.0,0.0,-1,-1,-1,-1
10,1745918789,-112,8,-1,-1,-1,-1,-1,-1,-1,-1,-1,-1,48,25,,-1,-1,-1,,-1,-1,-1,0.0,0.0,0.0,0.0,-1,-1,-1,-1
10,1745918794,-112,8,-1,-1,-1,-1,-1,-1,-1,-1,-1,-1,48,25,,-1,-1,-1,,-1,-1,-1,0.0,0.0,0.0,0.0,-1,-1,-1,-1
10,1745918799,-111,8,-1,-1,-1,-1,-1,-1,-1,-1,-1,-1,48,25,,-1,-1,-1,,-1,-1,-1,0.0,0.0,0.0,0.0,-1,-1,-1,-1
10,1745918804,-112,9,-1,-1,-1,-1,-1,-1,-1,-1,-1,-1,43,23,,-1,-1,-1,,-1,-1,-1,0.0,0.0,0.0,0.0,-1,-1,-1,-1
10,1745918809,-113,9,-1,-1,-1,-1,-1,-1,-1,-1,-1,-1,43,23,,-1,-1,-1,,-1,-1,-1,0.0,0.0,0.0,0.0,-1,-1,-1,-1
10,1745918814,-113,9,-1,-1,-1,-1,-1,-1,-1,-1,-1,-1,43,23,,-1,-1,-1,,-1,-1,-1,0.0,0.0,0.0,0.0,-1,-1,-1,-1
10,1745918819,-111,9,-1,-1,-1,-1,-1,-1,-1,-1,-1,-1,43,23,,-1,-1,-1,,-1,-1,-1,0.0,0.0,0.0,0.0,-1,-1,-1,-1
10,1745918824,-112,9,-1,-1,-1,-1,-1,-1,-1,-1,-1,-1,43,23,,-1,-1,-1,,-1,-1,-1,0.0,0.0,0.0,0.0,-1,-1,-1,-1
10,1745918829,-112,9,-1,-1,-1,-1,-1,-1,-1,-1,-1,-1,43,23,,-1,-1,-1,,-1,-1,-1,0.0,0.0,0.0,0.0,-1,-1,-1,-1
10,1745918834,-111,10,-1,-1,-1,-1,-1,-1,-1,-1,-1,-1,38,28,,-1,-1,-1,,-1,-1,-1,0.0,0.0,0.0,0.0,-1,-1,-1,-1
10,1745918839,-114,10,-1,-1,-1,-1,-1,-1,-1,-1,-1,-1,38,28,,-1,-1,-1,,-1,-1,-1,0.0,0.0,0.0,0.0,-1,-1,-1,-1
10,1745918844,-112,10,-1,-1,-1,-1,-1,-1,-1,-1,-1,-1,38,28,,-1,-1,-1,,-1,-1,-1,0.0,0.0,0.0,0.0,-1,-1,-1,-1
10,1745918849,-111,10,-1,-1,-1,-1,-1,-1,-1,-1,-1,-1,38,28,,-1,-1,-1,,-1,-1,-1,0.0,0.0,0.0,0.0,-1,-1,-1,-1
10,1745918854,-111,10,-1,-1,-1,-1,-1,-1,-1,-1,-1,-1,38,28,,-1,-1,-1,,-1,-1,-1,0.0,0.0,0.0,0.0,-1,-1,-1,-1
10,1745918859,-112,9,-1,-1,-1,-1,-1,-1,-1,-1,-1,-1,42,24,,-1,-1,-1,,-1,-1,-1,0.0,0.0,0.0,0.0,-1,-1,-1,-1
10,1745918864,-109,9,-1,-1,-1,-1,-1,-1,-1,-1,-1,-1,42,24,,-1,-1,-1,,-1,-1,-1,0.0,0.0,0.0,0.0,-1,-1,-1,-1
10,1745918869,-112,9,-1,-1,-1,-1,-1,-1,-1,-1,-1,-1,42,24,,-1,-1,-1,,-1,-1,-1,0.0,0.0,0.0,0.0,-1,-1,-1,-1
10,1745918874,-109,9,-1,-1,-1,-1,-1,-1,-1,-1,-1,-1,42,24,,-1,-1,-1,,-1,-1,-1,0.0,0.0,0.0,0.0,-1,-1,-1,-1
10,1745918879,-110,9,-1,-1,-1,-1,-1,-1,-1,-1,-1,-1,42,24,,-1,-1,-1,,-1,-1,-1,0.0,0.0,0.0,0.0,-1,-1,-1,-1
10,1745918884,-110,9,-1,-1,-1,-1,-1,-1,-1,-1,-1,-1,42,24,,-1,-1,-1,,-1,-1,-1,0.0,0.0,0.0,0.0,-1,-1,-1,-1
10,1745918889,-111,10,-1,-1,-1,-1,-1,-1,-1,-1,-1,-1,38,28,,-1,-1,-1,,-1,-1,-1,0.0,0.0,0.0,0.0,-1,-1,-1,-1
10,1745918894,-110,10,-1,-1,-1,-1,-1,-1,-1,-1,-1,-1,38,28,,-1,-1,-1,,-1,-1,-1,0.0,0.0,0.0,0.0,-1,-1,-1,-1
10,1745918899,-109,10,-1,-1,-1,-1,-1,-1,-1,-1,-1,-1,38,28,,-1,-1,-1,,-1,-1,-1,0.0,0.0,0.0,0.0,-1,-1,-1,-1
10,1745918904,-108,10,-1,-1,-1,-1,-1,-1,-1,-1,-1,-1,38,28,,-1,-1,-1,,-1,-1,-1,0.0,0.0,0.0,0.0,-1,-1,-1,-1
10,1745918909,-109,10,-1,-1,-1,-1,-1,-1,-1,-1,-1,-1,38,28,,-1,-1,-1,,-1,-1,-1,0.0,0.0,0.0,0.0,-1,-1,-1,-1
10,1745918914,-110,8,-1,-1,-1,-1,-1,-1,-1,-1,-1,-1,49,26,,-1,-1,-1,,-1,-1,-1,0.0,0.0,0.0,0.0,-1,-1,-1,-1
10,1745918919,-112,8,-1,-1,-1,-1,-1,-1,-1,-1,-1,-1,49,26,,-1,-1,-1,,-1,-1,-1,0.0,0.0,0.0,0.0,-1,-1,-1,-1
10,1745918924,-113,8,-1,-1,-1,-1,-1,-1,-1,-1,-1,-1,49,26,,-1,-1,-1,,-1,-1,-1,0.0,0.0,0.0,0.0,-1,-1,-1,-1
10,1745918929,-112,8,-1,-1,-1,-1,-1,-1,-1,-1,-1,-1,49,26,,-1,-1,-1,,-1,-1,-1,0.0,0.0,0.0,0.0,-1,-1,-1,-1
10,1745918934,-110,8,-1,-1,-1,-1,-1,-1,-1,-1,-1,-1,49,26,,-1,-1,-1,,-1,-1,-1,0.0,0.0,0.0,0.0,-1,-1,-1,-1
10,1745918939,-110,8,-1,-1,-1,-1,-1,-1,-1,-1,-1,-1,49,26,,-1,-1,-1,,-1,-1,-1,0.0,0.0,0.0,0.0,-1,-1,-1,-1
10,1745918944,-110,11,-1,-1,-1,-1,-1,-1,-1,-1,-1,-1,35,31,,-1,-1,-1,,-1,-1,-1,0.0,0.0,0.0,0.0,-1,-1,-1,-1
10,1745918949,-111,11,-1,-1,-1,-1,-1,-1,-1,-1,-1,-1,35,31,,-1,-1,-1,,-1,-1,-1,0.0,0.0,0.0,0.0,-1,-1,-1,-1
10,1745918954,-110,11,-1,-1,-1,-1,-1,-1,-1,-1,-1,-1,35,31,,-1,-1,-1,,-1,-1,-1,0.0,0.0,0.0,0.0,-1,-1,-1,-1
10,1745918959,-111,11,-1,-1,-1,-1,-1,-1,-1,-1,-1,-1,35,31,,-1,-1,-1,,-1,-1,-1,0.0,0.0,0.0,0.0,-1,-1,-1,-1
10,1745918964,-110,10,-1,-1,-1,-1,-1,-1,-1,-1,-1,-1,38,31,,-1,-1,-1,,-1,-1,-1,0.0,0.0,0.0,0.0,-1,-1,-1,-1
10,1745918969,-110,10,-1,-1,-1,-1,-1,-1,-1,-1,-1,-1,38,31,,-1,-1,-1,,-1,-1,-1,0.0,0.0,0.0,0.0,-1,-1,-1,-1
10,1745918974,-109,10,-1,-1,-1,-1,-1,-1,-1,-1,-1,-1,38,31,,-1,-1,-1,,-1,-1,-1,0.0,0.0,0.0,0.0,-1,-1,-1,-1
10,1745918979,-109,10,-1,-1,-1,-1,-1,-1,-1,-1,-1,-1,38,31,,-1,-1,-1,,-1,-1,-1,0.0,0.0,0.0,0.0,-1,-1,-1,-1
10,1745918984,-109,10,-1,-1,-1,-1,-1,-1,-1,-1,-1,-1,38,31,,-1,-1,-1,,-1,-1,-1,0.0,0.0,0.0,0.0,-1,-1,-1,-1
